timestamp,pulp_flow_m3h,consistency_pct,steam_pressure_bar,machine_speed_mpm,active_grade_id,pulp_flow_m3h_roll_mean_3,pulp_flow_m3h_roll_std_3,pulp_flow_m3h_roll_mean_5,pulp_flow_m3h_roll_std_5,consistency_pct_roll_mean_3,consistency_pct_roll_std_3,consistency_pct_roll_mean_5,consistency_pct_roll_std_5,steam_pressure_bar_roll_mean_3,steam_pressure_bar_roll_std_3,steam_pressure_bar_roll_mean_5,steam_pressure_bar_roll_std_5,machine_speed_mpm_roll_mean_3,machine_speed_mpm_roll_std_3,machine_speed_mpm_roll_mean_5,machine_speed_mpm_roll_std_5,pulp_flow_m3h_diff_1m,consistency_pct_diff_1m,steam_pressure_bar_diff_1m,machine_speed_mpm_diff_1m,pulp_flow_m3h_lag_1,pulp_flow_m3h_lag_2,consistency_pct_lag_1,consistency_pct_lag_2,steam_pressure_bar_lag_1,steam_pressure_bar_lag_2,machine_speed_mpm_lag_1,machine_speed_mpm_lag_2
2026-07-26 12:00:00,-0.182206,1.2184,-0.107684,0.169269,0,-0.30484,-0.322574,-0.378854,-0.414459,2.048318,-1.391296,2.67493,-1.799174,-0.196784,-1.781099,-0.270618,-2.493956,0.295638,-0.302561,0.389165,-0.391491,-1e-05,0.004993,-0.000181,-5.9e-05,-0.182191,-0.182153,1.210755,1.202651,-0.107465,-0.106374,0.169354,0.169186
2026-07-26 12:00:00,-0.182111,0.158501,0.097334,0.157189,0,-0.304761,-0.322502,-0.378756,-0.414385,1.15123,-0.091176,1.500705,-0.255543,-0.007923,-1.492899,-0.01561,-2.113111,0.285091,-0.293673,0.375286,-0.382377,5.9e-05,-0.75616,0.139091,-0.008598,-0.182191,-0.182153,1.210755,1.202651,-0.107465,-0.106374,0.169354,0.169186
2026-07-26 12:00:10,-0.172638,-1.389188,0.806631,0.103331,0,-0.299451,-0.316691,-0.372156,-0.408388,-0.017199,0.884626,-0.028686,0.903025,0.487023,-0.824557,0.652687,-1.229923,0.25022,-0.266029,0.329394,-0.354032,0.006938,-1.105561,0.481542,-0.038137,-0.182097,-0.182153,0.151426,1.202651,0.097574,-0.106374,0.157275,0.169186
2026-07-26 12:00:20,-0.182225,-0.307922,0.490291,0.101585,0,-0.299462,-0.316685,-0.373841,-0.409189,-0.878293,-0.014364,-0.199021,0.43014,0.853348,-1.073859,0.793381,-1.421514,0.210816,-0.269666,0.305447,-0.353678,-0.007042,0.78144,-0.214816,-0.001293,-0.172623,-0.182059,-1.39418,0.144202,0.806779,0.098679,0.103415,0.157107
2026-07-26 12:00:30,-0.176058,0.483135,1.345243,0.199463,0,-0.296086,-0.317374,-0.372287,-0.409536,-0.695552,0.238833,0.051045,0.200453,1.616933,-0.920034,1.299,-0.97291,0.235426,-0.244272,0.336068,-0.345851,0.004513,0.573211,0.580419,0.069141,-0.182211,-0.172585,-0.315203,-1.400119,0.490788,0.807933,0.101669,0.103249
2026-07-26 12:00:40,-0.183065,0.667323,0.577812,0.144983,0,-0.301901,-0.318479,-0.372644,-0.409353,0.46457,-0.492307,-0.191773,-0.106922,1.476915,-0.844006,1.639744,-1.285998,0.259675,-0.251524,0.324904,-0.347926,-0.005149,0.136754,-0.521695,-0.038575,-0.176044,-0.182173,0.47561,-0.322039,1.345561,0.49192,0.199549,0.101503
2026-07-26 12:00:50,-0.1831,-1.13822,0.352003,0.171079,0,-0.302389,-0.318233,-0.373056,-0.409162,-0.003355,0.332715,-0.764389,0.109254,1.392254,-0.743224,1.765049,-1.468243,0.300132,-0.274207,0.331288,-0.346022,-3.7e-05,-1.291438,-0.153319,0.018391,-0.18305,-0.176005,0.658987,0.468117,0.577774,1.346752,0.145067,0.199381
2026-07-26 12:01:00,-0.181279,-0.169321,-0.080187,0.157189,0,-0.305301,-0.321459,-0.37665,-0.411212,-0.371604,0.176245,-0.22439,-0.323098,0.519585,-1.114525,1.32538,-1.131791,0.275522,-0.288974,0.356049,-0.353043,0.001326,0.700266,-0.293797,-0.009878,-0.183086,-0.183012,-1.143674,0.651341,0.35232,0.578912,0.171164,0.1449
2026-07-26 12:01:00,-0.182801,-0.1817,-1.200278,0.208173,0,-0.305154,-0.321528,-0.376889,-0.411142,-0.850605,-0.426874,-0.170028,-0.336609,-0.566366,-0.184504,0.487811,-0.026637,0.31231,-0.275133,0.405043,-0.362633,-0.001126,-0.004418,-0.76105,0.035986,-0.181264,-0.183048,-0.176033,-1.149821,-0.079949,0.353442,0.157275,0.170996
2026-07-26 12:01:10,-0.176493,-0.398735,-0.37748,0.144624,0,-0.301469,-0.319051,-0.37707,-0.41135,-0.432517,-1.166549,-0.561436,-0.471719,-1.012469,-0.624761,-0.365147,-0.659822,0.296909,-0.267539,0.379837,-0.363374,0.004616,-0.150296,0.558714,-0.044987,-0.182786,-0.181226,-0.189131,-0.182985,-1.20012,-0.078856,0.208259,0.157107
2026-07-26 12:01:20,-0.178983,-0.327061,-1.094606,0.132708,0,-0.300188,-0.319174,-0.375372,-0.411384,-0.521119,-1.200688,-0.999959,-0.975003,-1.632779,-0.889977,-1.193924,-0.748609,0.282657,-0.260343,0.374193,-0.360407,-0.001836,0.056756,-0.48733,-0.008483,-0.176479,-0.182748,-0.405254,-0.196072,-0.3773,-1.199103,0.14471,0.208091
2026-07-26 12:01:30,-0.180374,-0.99959,-0.102908,0.113817,0,-0.298834,-0.32047,-0.374238,-0.411813,-0.983507,-0.751193,-0.938348,-1.096602,-0.961997,-0.760905,-1.418155,-1.071042,0.227726,-0.286396,0.347872,-0.353523,-0.001031,-0.477345,0.673267,-0.013415,-0.178968,-0.176441,-0.333213,-0.412015,-1.094494,-0.376227,0.132793,0.144543
2026-07-26 12:01:40,-0.170646,0.648556,0.651204,0.124587,0,-0.295573,-0.316944,-0.369816,-0.409341,-0.393754,0.048224,-0.575933,-0.579807,-0.333546,-0.037752,-1.055428,-0.491596,0.216061,-0.2927,0.332884,-0.351814,0.007124,1.188487,0.512291,0.007555,-0.180359,-0.17893,-1.006141,-0.340034,-0.103027,-1.093469,0.113901,0.132626
2026-07-26 12:01:50,-0.181964,0.237685,-1.604914,0.198635,0,-0.297236,-0.316017,-0.369468,-0.409576,-0.075344,0.096588,-0.391101,-0.495363,-0.644515,0.506823,-1.255477,-0.187854,0.254441,-0.254509,0.328499,-0.356123,-0.008311,-0.290292,-1.532771,0.052292,-0.170632,-0.180321,0.640977,-1.012403,0.651446,-0.101935,0.124672,0.113735
2026-07-26 12:02:00,-0.182731,0.705953,-0.329874,0.154106,0,-0.298551,-0.315332,-0.372062,-0.409095,0.885426,-0.947492,0.098159,-0.316342,-0.784533,0.471461,-1.233494,-0.180845,0.277895,-0.26377,0.332861,-0.355704,-0.000573,0.341454,0.865594,-0.03154,-0.18195,-0.170594,0.230016,0.633346,-1.604872,0.652589,0.198722,0.124506
2026-07-26 12:02:00,-0.182527,0.322412,0.274854,0.148762,0,-0.305177,-0.322149,-0.373536,-0.408808,0.702686,-0.958871,0.384467,-0.373764,-1.014097,0.130217,-0.554205,-0.234584,0.29197,-0.274067,0.34024,-0.356431,0.000139,-0.270293,0.410399,-0.003837,-0.182716,-0.181911,0.698282,0.222727,-0.329369,-1.603883,0.154192,0.198553
2026-07-26 12:02:10,-0.190101,0.585209,1.106389,0.150788,0,-0.309716,-0.317956,-0.377582,-0.406757,0.896502,-1.049908,1.083928,-1.3702,0.643322,-0.345402,0.043745,0.267759,0.264116,-0.299754,0.357234,-0.362831,-0.005565,0.193223,0.564743,0.001374,-0.182513,-0.182678,0.315155,0.690604,0.275097,-0.328293,0.148848,0.154025
2026-07-26 12:02:20,-0.182785,-0.366908,0.221928,0.194534,0,-0.309746,-0.317972,-0.382631,-0.410689,0.292905,-0.537826,0.634533,-0.941226,0.980341,-0.792731,-0.167296,0.141589,0.287649,-0.275649,0.38939,-0.364854,0.005355,-0.678516,-0.600676,0.030869,-0.190086,-0.182475,0.577122,0.307795,1.106793,0.276215,0.150873,0.148681
2026-07-26 12:02:30,-0.182327,0.754514,1.579751,0.155857,0,-0.309634,-0.317906,-0.382782,-0.410745,0.536559,-0.341527,0.862855,-0.850027,1.778116,-0.409053,1.408917,-0.486923,0.291782,-0.277662,0.369723,-0.371159,0.000325,0.809675,0.922267,-0.027402,-0.18277,-0.190048,-0.374146,0.569545,0.22184,1.107967,0.194619,0.150706
2026-07-26 12:02:40,-0.177644,0.964935,-1.035007,0.09613,0,-0.302686,-0.319529,-0.380666,-0.409526,0.749756,-0.148074,0.978827,-0.738561,0.469114,0.823313,1.05938,0.136916,0.25996,-0.250972,0.343072,-0.354075,0.003425,0.155577,-1.776346,-0.042285,-0.182313,-0.182732,0.747401,-0.380933,1.579892,0.222954,0.155943,0.194451
2026-07-26 12:02:50,-0.177644,-0.650023,-0.66528,0.179581,0,-0.299818,-0.31968,-0.378634,-0.40882,0.591935,0.133571,0.547554,-0.316342,-0.073048,1.037253,0.593331,0.445331,0.251256,-0.257814,0.357238,-0.351386,-1e-05,-1.153795,0.251232,0.05894,-0.177629,-0.182275,0.956975,0.739682,-1.035023,1.581098,0.096215,0.155776
2026-07-26 12:03:00,-0.213533,-4.758824,-3.453075,-0.348419,3,-0.317224,-0.300398,-0.38838,-0.397722,-2.511878,3.729528,-1.815392,2.970208,-3.15018,1.23528,-1.664369,2.384606,-0.042316,-0.00719,0.127761,-0.147236,-0.026332,-2.944329,-1.893912,-0.373349,-0.177629,-0.177591,-0.65576,0.949081,-0.664888,-1.033995,0.179667,0.096049
2026-07-26 12:03:00,-0.191614,-1.0849,0.528485,0.088402,0,-0.325015,-0.303213,-0.392052,-0.397798,-3.666464,2.526134,-2.130693,2.943186,-2.194478,2.289068,-1.512684,2.494421,-0.046814,-0.008865,0.078971,-0.159484,0.016066,2.641384,2.704461,0.30877,-0.213518,-0.177591,-4.760457,-0.662313,-3.452888,-0.663834,-0.348341,0.179499
2026-07-26 12:03:10,-0.186451,-1.271535,0.944174,0.225428,0,-0.329928,-0.307185,-0.393768,-0.398147,-4.0181,2.198971,-3.025858,2.517589,-1.20947,3.054656,-1.827047,2.045817,-0.020122,0.00931,0.110953,-0.147067,0.003776,-0.12912,0.28198,0.096818,-0.191599,-0.21348,-1.091281,-4.763598,0.528955,-3.452024,0.088487,-0.348497
2026-07-26 12:03:20,-0.181844,0.476385,-0.18483,0.143985,0,-0.312253,-0.317343,-0.395515,-0.398957,-1.069339,0.275817,-3.243307,2.254125,0.788224,-0.644211,-1.404965,2.059836,0.266536,-0.230843,0.132951,-0.143359,0.003369,1.259073,-0.767079,-0.057638,-0.186437,-0.191561,-1.276295,-1.097472,0.944359,0.53009,0.225514,0.088322
2026-07-26 12:03:30,-0.183826,0.308085,-0.510978,0.199574,0,-0.30791,-0.3201,-0.398086,-0.400238,-0.285772,0.281506,-2.819282,2.541234,0.15326,-0.260533,-1.330221,2.0575,0.331257,-0.259253,0.142144,-0.140401,-0.001464,-0.11618,-0.221448,0.039242,-0.181829,-0.186399,0.469061,-1.282332,-0.184688,0.945522,0.14407,0.225345
2026-07-26 12:03:40,-0.189268,-0.083325,0.184323,0.143223,0,-0.309481,-0.31846,-0.387994,-0.41009,0.384276,-0.893438,-0.753516,-0.147455,-0.31238,-1.088004,0.472422,-0.984593,0.283399,-0.268931,0.368143,-0.33425,-0.004002,-0.276175,0.471896,-0.039898,-0.183811,-0.181791,0.30042,0.461573,-0.510443,-0.183601,0.19966,0.143903
2026-07-26 12:03:50,-0.184841,0.165866,-0.268678,0.170479,0,-0.311153,-0.319477,-0.385177,-0.411365,0.209842,-1.047063,-0.199021,-0.363631,-0.362852,-1.077395,0.07672,-1.000948,0.298823,-0.273235,0.405872,-0.353289,0.003236,0.183811,-0.307663,0.019211,-0.189253,-0.183773,-0.090894,0.293072,0.18456,-0.509379,0.143308,0.199492
2026-07-26 12:04:00,-0.180163,-0.55044,0.808781,0.189018,0,-0.309109,-0.317701,-0.382561,-0.410639,-0.274696,-0.759728,0.119904,-0.975003,0.443064,-0.702558,0.01077,-1.141137,0.292677,-0.27859,0.389138,-0.364144,0.003421,-0.509109,0.731749,0.013048,-0.184827,-0.189215,0.157975,-0.097916,-0.268123,0.185672,0.170564,0.143141
2026-07-26 12:04:00,-0.244226,-4.786817,-3.688463,-0.854028,3,-0.339762,-0.284353,-0.408507,-0.384752,-2.921659,3.254429,-2.206801,2.625677,-1.924212,2.895527,-1.725923,2.104229,-0.287883,0.318622,-0.069635,0.100355,-0.046996,-3.036091,-3.055112,-0.73748,-0.180148,-0.184789,-0.557523,0.150746,0.809442,-0.267043,0.189103,0.170396
2026-07-26 12:04:10,-0.181109,2.236948,-0.208342,-6.988008,0,-0.337681,-0.283279,-0.407377,-0.384372,-1.755999,4.748003,-1.355125,3.497137,-1.886765,2.916744,-1.574237,2.139276,-4.45529,3.732831,-3.373676,2.93492,0.046281,5.046017,2.363819,-4.336717,-0.244212,-0.18011,-4.788291,-0.564157,-3.688106,0.810596,-0.853958,0.188935
2026-07-26 12:04:20,-0.191571,-0.093222,0.302759,0.199036,0,-0.344044,-0.286371,-0.408335,-0.384506,-1.498501,4.819126,-1.358749,3.497137,-2.196106,2.545443,-1.51708,2.178996,-4.449456,3.736516,-3.34802,2.942713,-0.007683,-1.667897,0.347094,5.081104,-0.181095,-0.244173,2.227515,-4.791409,-0.207766,-3.687258,-6.988031,-0.854101
2026-07-26 12:04:30,-0.185666,-0.422668,-0.262883,0.119399,0,-0.311382,-0.316961,-0.408678,-0.3846,0.957415,1.126442,-1.619688,3.432959,-0.102354,-1.158728,-1.512684,2.178996,-3.882765,3.991803,-3.371499,2.935699,0.00432,-0.23147,-0.384233,-0.056361,-0.191556,-0.181057,-0.100718,2.218566,0.302613,-0.206681,0.199123,-6.98803
2026-07-26 12:04:40,-0.176407,-0.359517,-0.492223,0.127759,0,-0.308759,-0.314394,-0.407116,-0.383922,-0.504506,-1.086892,-1.536333,3.443093,-0.276562,-0.966005,-2.158997,1.723384,0.259772,-0.257017,-3.39966,2.927137,0.006781,0.050874,-0.155731,0.005851,-0.185652,-0.191518,-0.429814,-0.107732,-0.262798,0.303733,0.119483,0.198955
2026-07-26 12:04:50,-0.178103,-0.78562,1.046207,0.108383,0,-0.301247,-0.317298,-0.379614,-0.40768,-0.894905,-0.99301,0.235877,0.696983,0.17931,-0.127925,0.186637,-0.874778,0.206995,-0.292449,-2.957253,3.009495,-0.001254,-0.30088,1.044658,-0.013758,-0.176392,-0.185613,-0.365959,-0.436554,-0.491803,-0.261717,0.127844,0.119317
2026-07-26 12:05:00,-0.255151,-4.786817,-3.688463,-1.528172,1,-0.340003,-0.274435,-0.41041,-0.378161,-3.350822,2.847608,-2.87002,2.26088,-1.916071,3.029902,-1.536865,2.286474,-0.752159,0.686579,-0.447437,0.404802,-0.056518,-2.866684,-3.216088,-1.157085,-0.178089,-0.176354,-0.791656,-0.372753,1.046435,-0.490737,0.108467,0.127678
2026-07-26 12:05:00,-0.182996,-0.510759,-1.266411,0.131732,0,-0.343677,-0.276404,-0.406843,-0.377502,-3.436654,2.762261,-3.054852,2.146037,-2.389852,2.934425,-2.31508,2.115912,-0.749845,0.687796,-0.478376,0.395928,0.05291,3.074312,1.645153,1.173475,-0.255136,-0.178051,-4.788291,-0.798096,-3.688106,1.047605,-1.528112,0.108301
2026-07-26 12:05:10,-0.181871,0.777681,0.61579,0.149598,0,-0.345779,-0.277639,-0.405265,-0.377143,-2.556179,3.664095,-2.525726,2.585144,-2.651978,2.517153,-1.879807,2.440682,-0.725853,0.700145,-0.464492,0.399627,0.000815,0.929671,1.278586,0.012572,-0.182981,-0.255098,-0.51659,-4.791409,-1.265803,-3.687258,0.131817,-1.52824
2026-07-26 12:05:20,-0.191759,1.980225,0.642388,0.213419,0,-0.310422,-0.31678,-0.41165,-0.378727,1.253675,0.77083,-1.489219,3.466737,-0.004667,0.398969,-1.317031,2.718722,0.288038,-0.257871,-0.425116,0.410771,-0.007262,0.868496,0.017907,0.045062,-0.181856,-0.182943,0.770323,-0.523259,0.615942,-1.264791,0.149684,0.13165
2026-07-26 12:05:30,-0.189512,-0.489793,-0.169071,0.160645,0,-0.314056,-0.317027,-0.416395,-0.38025,1.267519,0.75376,-1.358749,3.466737,0.666115,-0.863455,-1.919377,2.258437,0.304868,-0.267067,-0.401092,0.416578,0.001638,-1.767894,-0.551238,-0.037369,-0.191744,-0.181818,1.97046,0.762585,0.64257,0.617082,0.213506,0.149517
2026-07-26 12:05:40,-0.182078,2.12325,-1.101332,0.16165,0,-0.314171,-0.317151,-0.386002,-0.409328,2.023399,1.157736,1.696409,0.832093,-0.384017,-0.043056,-0.637742,-0.099068,0.311886,-0.271152,0.375696,-0.359013,0.005442,1.88023,-0.633233,0.000651,-0.189497,-0.191706,-0.496943,1.961724,-0.168711,0.643712,0.160731,0.213337
2026-07-26 12:05:50,-0.177979,0.332179,0.510508,0.164826,0,-0.306486,-0.316317,-0.383916,-0.40809,1.095854,0.927299,2.069697,0.487562,-0.463795,-0.168592,0.243794,-0.52197,0.283596,-0.30029,0.390912,-0.364892,0.002996,-1.28085,1.094699,0.002187,-0.182063,-0.189459,2.114542,-0.503628,-1.100707,-0.167623,0.161736,0.160564
2026-07-26 12:06:00,-0.254631,-4.786817,-3.688463,-1.524801,1,-0.342806,-0.276426,-0.414178,-0.379683,-1.324068,4.83335,-0.391101,3.98691,-2.616159,2.439357,-1.888601,2.181333,-0.697608,0.71164,-0.378787,0.420049,-0.056228,-3.669013,-2.852535,-1.194607,-0.177964,-0.182025,0.324979,2.105686,0.510315,-1.099683,0.164911,0.161569
2026-07-26 12:06:00,-0.179043,-0.649608,2.140864,0.134831,0,-0.341113,-0.275537,-0.408889,-0.378314,-2.885665,3.322707,-1.554453,3.432959,-0.633118,4.209225,-1.147758,3.186018,-0.71322,0.703703,-0.414913,0.410431,0.055427,2.974315,3.959111,1.173284,-0.254616,-0.177926,-4.788291,0.317611,-3.688106,0.511449,-1.524742,0.164744
2026-07-26 12:06:10,-0.178184,-0.878367,0.042829,0.198091,0,-0.341228,-0.275602,-0.404178,-0.377215,-3.566787,2.64562,-1.728413,3.429582,-0.919666,4.099603,-1.042238,3.211719,-0.693855,0.714109,-0.397702,0.415152,0.000619,-0.159708,-1.425454,0.044665,-0.179028,-0.254577,-0.65576,-4.791409,2.140865,-3.687258,0.134916,-1.524869
2026-07-26 12:06:20,-0.183681,-0.334843,-0.335662,0.126233,0,-0.301655,-0.319409,-0.404844,-0.377369,-1.061033,-0.919042,-2.815658,2.365591,1.130128,0.876356,-0.661924,3.122933,0.267316,-0.261725,-0.413983,0.411134,-0.004041,0.39557,-0.257019,-0.050861,-0.17817,-0.17899,-0.884982,-0.662313,0.04343,2.142109,0.198177,0.13475
2026-07-26 12:06:30,-0.17896,-0.334843,1.052838,0.202877,0,-0.301609,-0.31939,-0.405252,-0.377501,-0.88383,-0.84792,-3.109214,2.135904,0.465858,-0.350706,-0.393726,3.286486,0.306929,-0.257882,-0.39649,0.415981,0.003452,0.004993,0.942766,0.054127,-0.183666,-0.178132,-0.3414,-0.891344,-0.335582,0.044531,0.126317,0.198009
2026-07-26 12:06:40,-0.191046,-0.270648,0.419444,0.123688,0,-0.308783,-0.316055,-0.378806,-0.408485,-0.5405,-1.325864,-1.112307,-1.262112,0.695421,-0.396677,1.639744,0.064485,0.263616,-0.25573,0.361298,-0.349007,-0.008875,0.050874,-0.430656,-0.056044,-0.178945,-0.183628,-0.3414,-0.348214,1.053536,-0.334506,0.202962,0.126151
2026-07-26 12:06:50,-0.177589,0.94372,-0.520592,0.153052,0,-0.305385,-0.314648,-0.378202,-0.408215,0.179385,-0.142384,-0.405598,-0.414297,0.583082,-0.203954,0.322935,-0.837395,0.279228,-0.260902,0.369673,-0.350883,0.009859,0.876731,-0.638659,0.020701,-0.191032,-0.178907,-0.277545,-0.348214,0.419779,1.054706,0.123772,0.202794
2026-07-26 12:07:00,5.44068,0.572367,-0.798165,0.193996,0,2.828973,3.15302,1.958776,2.363293,0.691611,-0.310233,0.235877,-0.55954,-0.548456,-0.509835,-0.094751,-0.498606,0.274059,-0.265813,0.36779,-0.351921,4.120516,-0.262058,-0.188891,0.028888,-0.177575,-0.190993,0.93569,-0.284413,-0.520206,0.420906,0.153137,0.123606
2026-07-26 12:07:10,-0.185923,1.770569,-2.263837,0.148317,0,2.83183,3.151433,1.957843,2.363571,1.840659,-0.327303,1.163659,0.014677,-2.189594,0.084247,-1.048833,0.842532,0.288397,-0.276422,0.377943,-0.356096,-4.126648,0.864967,-0.995581,-0.032354,5.440681,-0.177537,0.564024,0.927814,-0.79803,-0.519143,0.194082,0.15297
2026-07-26 12:07:20,-0.188546,-0.374082,-0.209652,0.156578,0,2.825719,3.154815,1.953856,2.364754,1.098623,0.47496,1.149163,0.034944,-1.999105,0.326477,-1.675361,0.129907,0.290448,-0.27723,0.356661,-0.36454,-0.001935,-1.533784,1.394947,0.005782,-0.185908,5.440682,1.762523,0.556457,-2.263483,-0.796985,0.148403,0.193914
2026-07-26 12:07:30,-0.176448,2.229866,-0.462867,0.120939,0,-0.307238,-0.315763,1.959927,2.362951,2.031705,1.021181,2.254528,0.305164,-1.793963,0.450244,-2.110634,-0.344398,0.247918,-0.28315,0.355398,-0.36361,0.008863,1.874348,-0.172009,-0.025255,-0.188532,-0.18587,-0.380695,1.75396,-0.209541,-2.262538,0.156663,0.148236
2026-07-26 12:07:40,-0.184232,0.233835,2.824487,0.179937,0,-0.306295,-0.316012,1.957164,2.36377,1.165074,0.972818,1.939227,0.433518,1.315732,1.862956,-0.455279,2.400962,0.266327,-0.271643,0.367755,-0.361184,-0.005719,-1.427905,2.232988,0.041652,-0.176433,-0.188493,2.220966,-0.387476,-0.462511,-0.208456,0.121024,0.156496
2026-07-26 12:07:50,-0.179984,-0.308768,-0.83245,0.129661,0,-0.301519,-0.318403,-0.380561,-0.409138,1.203837,0.930144,1.551443,0.696983,0.936382,2.228953,-0.470668,2.407971,0.250656,-0.269422,0.338183,-0.366706,0.003106,-0.384407,-2.484159,-0.035603,-0.184218,-0.176395,0.226741,2.212022,2.824329,-0.461444,0.180024,0.120857
2026-07-26 12:08:00,-0.174636,1.191721,1.725946,0.082915,0,-0.300509,-0.317428,-0.375867,-0.408178,0.616854,-0.071262,1.294129,0.484184,2.274691,1.956665,1.505645,1.67899,0.228521,-0.252068,0.308116,-0.352217,0.003912,1.081431,1.737398,-0.033108,-0.179969,-0.184179,-0.315203,0.219455,-0.832647,2.82562,0.129745,0.179856
2026-07-26 12:08:10,-0.184596,-0.225128,-0.302766,0.210895,0,-0.300712,-0.317239,-0.374224,-0.409507,0.359356,0.070984,1.359363,0.420007,0.361658,0.908182,1.459479,1.711701,0.246541,-0.235169,0.333086,-0.337527,-0.007315,-1.011447,-1.378427,0.090421,-0.174622,-0.179931,1.182921,-0.322039,1.726349,-0.831605,0.083,0.129579
2026-07-26 12:08:20,-0.196808,-0.228235,0.105504,0.185154,0,-0.310096,-0.310689,-0.382692,-0.405414,0.403657,0.031155,0.272118,-0.502118,0.934754,0.356534,1.740868,1.513101,0.278848,-0.232118,0.362607,-0.336935,-0.008966,0.00264,0.277157,-0.018257,-0.184582,-0.174584,-0.231701,1.17484,-0.30274,1.727565,0.210981,0.082834
2026-07-26 12:08:30,-0.17582,-1.96796,-0.667132,0.102506,0,-0.310756,-0.311293,-0.379193,-0.404552,-1.373906,0.352629,-0.699154,0.507829,-0.527291,-1.011975,0.01077,0.209347,0.290254,-0.24363,0.327012,-0.333507,0.015382,-1.243204,-0.52471,-0.05849,-0.196793,-0.184544,-0.234976,-0.238606,0.105563,-0.301662,0.18524,0.210813
2026-07-26 12:08:40,-0.193616,-1.96796,-0.236951,0.18878,0,-0.315787,-0.310471,-0.384863,-0.403339,-2.356826,0.352629,-1.434857,0.97058,-0.488216,-1.010207,0.305348,-0.028974,0.277379,-0.25178,0.354186,-0.330377,-0.013062,0.004993,0.292229,0.060936,-0.175806,-0.196755,-1.972145,-0.241878,-0.666663,0.106669,0.102591,0.185072
2026-07-26 12:08:50,-0.186879,-0.322696,2.036105,0.121885,0,-0.310249,-0.312958,-0.389955,-0.405397,-2.409433,0.258747,-2.105324,0.132898,0.692165,1.111513,0.459232,0.321498,0.240545,-0.255456,0.372102,-0.341463,0.004931,1.186134,1.543865,-0.047353,-0.193601,-0.175768,-1.972145,-1.977604,-0.237057,-0.665609,0.188865,0.102425
2026-07-26 12:09:00,-0.181185,0.114803,-0.437922,0.192258,0,-0.313241,-0.315914,-0.388536,-0.404915,-1.235466,0.514788,-1.95311,0.284897,0.833811,0.95592,0.393282,0.365891,0.292797,-0.261286,0.363533,-0.346089,0.004166,0.319101,-1.680483,0.049694,-0.186864,-0.193563,-0.329939,-1.977604,2.036126,-0.235974,0.121971,0.188698
2026-07-26 12:09:10,-0.18321,0.489156,0.28074,0.109969,0,-0.307437,-0.319485,-0.382881,-0.40713,0.14616,-0.68576,-1.637809,0.602406,1.149665,0.754357,0.479017,0.368227,0.246915,-0.256284,0.328972,-0.344679,-0.001496,0.27322,0.488174,-0.058235,-0.18117,-0.186826,0.107219,-0.336762,-0.437658,2.037364,0.192344,0.121804
2026-07-26 12:09:20,-0.18321,0.338142,-1.439666,0.185008,0,-0.305391,-0.321322,-0.385955,-0.409026,0.519946,-1.064133,-0.615799,0.257875,-0.975022,-0.060737,0.096505,0.87057,0.283664,-0.255149,0.366899,-0.348646,-1e-05,-0.103239,-1.168615,0.052993,-0.183196,-0.181132,0.482159,0.100032,0.281311,-0.436589,0.110053,0.192176
2026-07-26 12:09:30,-0.177364,0.715954,-1.55673,0.141416,0,-0.30326,-0.318962,-0.379195,-0.410625,0.857739,-1.061288,0.569299,-0.981759,-1.660457,0.268129,-0.556403,1.379921,0.254064,-0.263347,0.345125,-0.352005,0.004277,0.275573,-0.079764,-0.030878,-0.183196,-0.183157,0.331528,0.47466,-1.439776,0.282428,0.185094,0.109887
2026-07-26 12:09:40,-0.183712,0.212773,1.822794,0.162698,0,-0.30354,-0.318797,-0.377878,-0.411554,0.702686,-0.936112,0.808492,-1.3094,-0.716152,2.039766,-0.664122,1.167302,0.284762,-0.279877,0.363885,-0.355676,-0.004666,-0.356172,2.295087,0.014988,-0.17735,-0.183157,0.708106,0.324155,-1.556941,-1.438775,0.141501,0.184926
2026-07-26 12:09:50,-0.18179,0.687637,-0.73825,0.120014,0,-0.302748,-0.31909,-0.37813,-0.411574,0.89927,-0.901973,1.058559,-1.349933,-0.287958,1.730348,-0.811411,1.207022,0.246923,-0.280352,0.330676,-0.358727,0.0014,0.346159,-1.739568,-0.030235,-0.183697,-0.177312,0.205456,0.700419,1.823099,-1.555948,0.162784,0.141334
2026-07-26 12:10:00,-0.18179,-0.849679,-1.446716,0.143944,0,-0.305216,-0.321386,-0.377539,-0.411694,0.018795,-0.025743,0.467822,-0.48523,-0.221206,1.64548,-1.666568,1.27478,0.248395,-0.280298,0.346295,-0.365385,-1e-05,-1.098503,-0.481301,0.01686,-0.181775,-0.183659,0.680272,0.198188,-0.737672,1.824321,0.120098,0.162617
2026-07-26 12:10:10,-0.182103,0.349216,-1.046065,0.141981,0,-0.304318,-0.32238,-0.377078,-0.411844,0.093553,0.011241,0.471446,-0.48523,-1.974683,-1.073859,-1.473113,1.162629,0.236336,-0.288736,0.326516,-0.375344,-0.00024,0.864967,0.271731,-0.001447,-0.181775,-0.181737,-0.85551,0.672608,-1.446877,-0.736624,0.144029,0.119932
2026-07-26 12:10:20,-0.171612,0.349216,1.347976,-6.988008,0,-0.298641,-0.316186,-0.374686,-0.409083,-0.094725,-0.190747,0.311984,-0.593318,-0.699871,1.229976,-0.033197,1.426651,-3.901689,3.981837,-2.950788,3.011001,0.007684,0.004993,1.62586,-5.040885,-0.182088,-0.181737,0.341352,-0.861897,-1.045675,-1.445877,0.142067,0.143862
2026-07-26 12:10:30,-0.173843,-0.355994,1.517403,0.132356,0,-0.294209,-0.316659,-0.370581,-0.408844,0.182154,-0.68576,0.058293,-0.512252,1.113846,1.074383,-0.184883,1.18833,-3.908435,3.978359,-2.964737,3.007357,-0.001647,-0.500874,0.114975,5.033962,-0.171597,-0.18205,0.341352,0.33397,1.348224,-1.044647,-6.988031,0.141901
2026-07-26 12:10:40,5.44068,0.378632,-1.29124,0.139193,0,2.841902,3.145851,1.967896,2.360584,0.198767,-0.668691,-0.0758,-0.654117,0.962432,1.355511,-0.459676,1.412632,-3.91006,3.977519,-2.955921,3.009634,4.117768,0.532036,-1.907779,0.004775,-0.173828,-0.171559,-0.362685,0.33397,1.517759,1.349415,0.132442,-6.98803
2026-07-26 12:10:50,-0.175087,-0.263087,0.964205,0.101197,0,2.839964,3.146925,1.970684,2.359755,-0.147332,-0.69714,0.181514,-1.042558,0.727984,1.182237,0.736224,1.078516,0.217012,-0.281484,-2.975572,3.004575,-4.1187,-0.456169,1.531807,-0.026922,5.440681,-0.17379,0.370823,-0.369481,-1.290657,1.518961,0.139278,0.132276
2026-07-26 12:11:00,-0.183467,0.962858,1.047096,0.146267,0,2.834596,3.149901,1.970117,2.359925,0.597472,-0.327303,0.453326,-0.691272,0.441436,0.862211,1.771644,0.520098,0.225109,-0.277337,-2.9736,3.005091,-0.006157,0.884966,0.05589,0.031805,-0.175072,5.440682,-0.269359,0.363417,0.964774,-1.289646,0.101281,0.139111
2026-07-26 12:11:10,-0.183467,0.425753,1.872256,0.185586,0,-0.302276,-0.317396,1.965185,2.361389,0.622391,-0.324458,0.485943,-0.677761,2.375634,-0.780354,2.031049,0.763092,0.252119,-0.258619,0.32401,-0.359136,-1e-05,-0.380877,0.560523,0.02774,-0.183453,-0.175034,0.955337,-0.276233,1.047323,0.965939,0.146353,0.101115
2026-07-26 12:11:20,-0.180462,0.433935,-0.707506,0.178715,0,-0.305275,-0.320717,1.962432,2.362204,1.01556,-0.856455,0.837486,-0.900693,1.353179,0.842762,0.929678,0.985057,0.297248,-0.280708,0.345319,-0.355294,0.002193,0.010875,-1.752229,-0.004917,-0.183453,-0.183415,0.418305,0.947445,1.872805,1.048493,0.185672,0.146186
2026-07-26 12:11:30,-0.18404,-0.807754,0.195675,0.118623,0,-0.305594,-0.320517,-0.376981,-0.410319,0.018795,-0.150919,0.311984,-0.377142,0.832183,0.826849,1.666124,0.071495,0.281153,-0.264226,0.335863,-0.352307,-0.002634,-0.886744,0.613579,-0.042543,-0.180448,-0.183415,0.426491,0.410859,-0.707493,1.874031,0.1788,0.185504
2026-07-26 12:11:40,-0.184296,0.579298,-0.619671,0.089346,0,-0.306057,-0.32028,-0.380811,-0.412754,0.104628,-0.068417,0.685271,-0.42443,-0.69173,-0.789195,0.881315,0.414957,0.225127,-0.255148,0.330417,-0.348247,-0.000198,1.000257,-0.554252,-0.020757,-0.184026,-0.18041,-0.814578,0.419039,0.196099,-0.706443,0.118708,0.178633
2026-07-26 12:11:50,-0.188075,2.61067,-0.402416,0.108548,0,-0.310303,-0.320156,-0.382727,-0.411461,1.331202,1.593006,1.413725,0.740893,-0.504497,-0.939483,0.164654,0.319161,0.184278,-0.287084,0.313078,-0.34524,-0.002782,1.462596,0.147532,0.013516,-0.184281,-0.183988,0.57221,-0.820999,-0.619619,0.197212,0.089431,0.118542
2026-07-26 12:12:00,-0.185245,-1.252812,-0.475553,0.170283,0,-0.310975,-0.32047,-0.383467,-0.411441,1.079242,1.962844,0.670775,1.304977,-0.914782,-1.560087,-0.998271,-1.559366,0.214351,-0.258554,0.306043,-0.349516,0.002065,-2.767864,-0.049619,0.043587,-0.188061,-0.184243,2.600818,0.564637,-0.402153,-0.618563,0.108633,0.089265
2026-07-26 12:12:10,-0.176392,0.09406,0.313676,0.116332,0,-0.306566,-0.316051,-0.381774,-0.409665,0.8079,2.011207,0.522185,1.304977,-0.344942,-0.912962,-0.492651,-1.381794,0.23006,-0.267574,0.277366,-0.359425,0.006483,0.972023,0.535804,-0.038202,-0.185231,-0.188022,-1.258285,2.591558,-0.474938,-0.401082,0.170368,0.108467
2026-07-26 12:12:20,-0.181622,-0.472195,2.092059,0.116302,0,-0.302967,-0.31781,-0.380768,-0.409583,-0.928131,-0.216352,0.670775,1.200267,1.180599,0.839226,0.446042,0.473369,0.234576,-0.270138,0.276297,-0.359364,-0.003846,-0.400877,1.208046,-8e-05,-0.176378,-0.185192,0.087571,-1.264337,0.314152,-0.473871,0.116416,0.170201
2026-07-26 12:12:30,-0.180034,1.564252,-0.025714,0.142035,0,-0.300061,-0.319704,-0.378996,-0.409442,0.658386,0.432286,1.105673,1.419821,1.45575,0.483838,0.74062,0.270095,0.21813,-0.28711,0.30052,-0.364288,0.001155,1.466125,-1.438717,0.018135,-0.181608,-0.176339,-0.478933,0.080401,2.092046,0.315272,0.116387,0.11625
2026-07-26 12:12:40,-0.183063,1.932326,-1.011411,0.210484,0,-0.303782,-0.320952,-0.376911,-0.410777,1.691144,0.856177,0.804868,0.980714,0.646578,1.378496,0.439447,0.611221,0.272944,-0.251905,0.347376,-0.348822,-0.002232,0.269691,-0.670011,0.048334,-0.18002,-0.18157,1.556224,-0.485632,-0.025804,2.093287,0.14212,0.116221
2026-07-26 12:12:50,-0.176911,-0.657568,0.45957,0.200398,0,-0.301154,-0.319281,-0.373445,-0.411249,1.588699,1.041095,1.069431,0.646316,-0.353083,-0.288822,0.9011,0.461686,0.321899,-0.264106,0.36122,-0.342951,0.004502,-1.853774,0.998837,-0.00719,-0.183049,-0.179981,1.922978,1.547833,-1.011058,-0.024707,0.21057,0.141953
2026-07-26 12:13:00,-0.173266,-0.951198,-1.284119,0.133472,0,-0.297379,-0.317274,-0.372145,-0.410121,0.171079,1.362569,0.60554,0.990847,-1.121552,0.087783,0.109695,1.050478,0.316916,-0.259004,0.369099,-0.346488,0.002663,-0.205589,-1.184291,-0.047374,-0.176896,-0.18301,-0.663947,1.914282,0.459721,-1.010028,0.200485,0.210401
2026-07-26 12:13:10,-0.183306,0.121159,0.065007,0.10896,0,-0.297514,-0.317134,-0.372845,-0.409745,-0.847836,-0.429719,0.866479,0.872626,-0.463795,0.040044,-0.89275,-0.52197,0.257811,-0.253308,0.365725,-0.344348,-0.007374,0.774382,0.916238,-0.017388,-0.173252,-0.176858,-0.957023,-0.670493,-1.283556,0.460851,0.133556,0.200316
2026-07-26 12:13:20,-0.177685,-2.00747,-0.84694,0.203507,0,-0.297946,-0.317188,-0.371868,-0.409711,-1.609253,0.455045,-0.710027,1.227289,-1.263198,-0.409053,-1.301642,-0.526643,0.259622,-0.251501,0.393984,-0.341623,0.004113,-1.523196,-0.619366,0.066785,-0.183292,-0.173213,0.113768,-0.963325,0.06562,-1.282544,0.109046,0.13339
2026-07-26 12:13:30,5.44068,0.339237,0.402931,0.200734,0,2.833236,3.150652,1.967139,2.360807,-0.881061,0.859022,-1.416736,0.129521,-0.230975,-0.493922,-0.60037,-0.430848,0.298781,-0.246571,0.389502,-0.343623,4.120585,1.689648,0.848713,-0.002019,-0.17767,-0.183253,-2.01144,0.106575,-0.846849,0.066723,0.203594,0.10888
2026-07-26 12:13:40,-0.19311,-0.212835,0.425449,0.129423,0,2.827769,3.153689,1.960401,2.362817,-1.069339,0.739536,-1.221032,0.166676,-0.011179,-0.331257,-0.617957,-0.451876,0.310694,-0.258861,0.356874,-0.344731,-4.131919,-0.391465,0.014892,-0.050475,5.440681,-0.177632,0.331528,-2.016866,0.402914,-0.845808,0.20082,0.203426
2026-07-26 12:13:50,-0.171464,1.325953,-1.8863,0.179236,0,2.831238,3.151777,1.961151,2.362596,0.8079,-0.037123,-0.213518,0.710494,-0.646143,0.863979,-0.914734,0.120561,0.296562,-0.264494,0.377912,-0.3457,0.015865,1.109665,-1.570151,0.035158,-0.193095,5.440682,-0.22024,0.324155,0.425992,0.40404,0.129508,0.200652
2026-07-26 12:14:00,-0.19424,0.53094,2.230541,0.139051,0,-0.311643,-0.308837,1.956603,2.363953,0.915883,-0.057037,-0.03231,0.771293,0.470742,2.329734,0.158059,1.578522,0.260655,-0.275066,0.391745,-0.354697,-0.016715,-0.565578,2.796103,-0.028468,-0.17145,-0.193057,1.317179,-0.227155,-1.886247,0.42712,0.179321,0.129341
2026-07-26 12:14:10,-0.177002,-0.839613,0.257342,0.152449,0,-0.302659,-0.309861,1.956887,2.36387,0.561478,0.509099,0.485943,-0.12381,0.368171,2.320894,0.705447,1.351884,0.274059,-0.28127,0.368274,-0.360108,0.012633,-0.978506,-1.340444,0.009413,-0.194226,-0.171412,0.523092,1.308987,2.230514,-1.885276,0.139136,0.179153
2026-07-26 12:14:20,-0.177002,-0.57768,-0.259176,0.218334,0,-0.305747,-0.311922,-0.379599,-0.402972,-0.510043,-0.12816,0.080038,0.018055,1.362948,0.83569,0.375695,1.39394,0.296818,-0.258399,0.376363,-0.353259,-1e-05,0.193223,-0.351073,0.046521,-0.176987,-0.194188,-0.845687,0.515559,0.257345,2.231765,0.152534,0.13897
2026-07-26 12:14:30,-0.182557,-0.739764,-0.59696,0.066649,0,-0.299231,-0.319141,-0.375209,-0.404908,-1.224391,-1.160859,-0.151907,0.156543,-0.366108,-0.92357,-0.129924,1.457025,0.254668,-0.22341,0.347507,-0.331626,-0.004085,-0.111474,-0.229888,-0.107298,-0.176987,-0.176949,-0.583719,-0.852082,-0.259247,0.258461,0.21842,0.152367
2026-07-26 12:14:40,-0.182531,0.958021,0.33006,0.168913,0,-0.302314,-0.319149,-0.379812,-0.406685,-0.213783,0.235988,-0.314994,-0.106922,-0.320521,-0.845774,0.96705,0.391592,0.264255,-0.222056,0.342762,-0.332813,9e-06,1.22378,0.629255,0.072241,-0.182542,-0.176949,-0.745812,-0.590332,-0.596541,-0.258166,0.066732,0.218252
2026-07-26 12:14:50,-0.180786,1.759807,-1.238105,0.202646,0,-0.304425,-0.321487,-0.374216,-0.411358,1.104161,0.824883,0.228628,0.62605,-0.919666,-0.211026,-0.749858,-0.788329,0.255121,-0.228864,0.371997,-0.328238,0.001269,0.58027,-1.065518,0.023791,-0.182516,-0.182504,0.950425,-0.75229,0.330129,-0.595483,0.168998,0.066567
2026-07-26 12:15:00,-0.179986,0.549284,-1.379854,0.181898,0,-0.302991,-0.321181,-0.375458,-0.411934,1.829584,-0.321613,0.84111,0.372719,-1.398331,0.109,-1.561047,-0.636458,0.322214,-0.284855,0.385532,-0.327916,0.000576,-0.864392,-0.096646,-0.014728,-0.180771,-0.182478,1.751062,0.942537,-1.238287,0.331251,0.202733,0.168831
2026-07-26 12:15:10,-0.187923,0.858436,-0.581679,0.174917,0,-0.305999,-0.317898,-0.38,-0.41104,1.771439,-0.298854,1.475336,0.075477,-1.955146,-0.932411,-1.721526,-0.708888,0.325711,-0.287552,0.365574,-0.334754,-0.005831,0.227339,0.541833,-0.004995,-0.179972,-0.180733,0.541102,1.742509,-1.379418,-1.237273,0.181984,0.202565
2026-07-26 12:15:20,-0.186931,-0.047534,-0.283733,0.149982,0,-0.309426,-0.317946,-0.381819,-0.410481,0.755293,-0.591879,1.783389,-0.444697,-1.372281,-0.651283,-1.565444,-0.643467,0.295052,-0.285102,0.403881,-0.371017,0.000717,-0.645575,0.202396,-0.017687,-0.187908,-0.179934,0.85055,0.533554,-0.581452,-1.378413,0.175003,0.181816
2026-07-26 12:15:30,-0.17409,0.179023,1.401404,0.16519,0,-0.306138,-0.314316,-0.378309,-0.408224,0.547634,-0.571964,1.439095,-0.343364,0.329096,0.349462,-1.035643,0.435985,0.285324,-0.289483,0.402169,-0.370594,0.009407,0.167341,1.14474,0.010692,-0.186917,-0.18787,-0.054873,0.842746,-0.283213,-0.580393,0.150068,0.174836
2026-07-26 12:15:40,-0.172428,0.259691,-1.212928,0.136098,0,-0.297495,-0.314079,-0.374832,-0.406596,0.209842,-1.115341,0.775875,-1.076336,-0.056767,0.858675,-1.022453,0.421966,0.262727,-0.287419,0.371579,-0.371618,0.001209,0.062638,-1.775743,-0.020626,-0.174076,-0.186878,0.172711,-0.061926,1.401481,-0.282133,0.165275,0.149901
2026-07-26 12:15:50,-0.18635,0.863475,-0.352159,0.176609,0,-0.297171,-0.314437,-0.377479,-0.406057,0.722068,-0.742659,0.913593,-0.941226,-0.099097,0.87282,-0.514635,0.059812,0.278227,-0.280824,0.36915,-0.373046,-0.010221,0.437921,0.584639,0.028582,-0.172413,-0.174038,0.252938,0.165469,-1.212546,1.402675,0.136184,0.165108
2026-07-26 12:16:00,-0.183837,-0.609681,-0.557142,0.188706,0,-0.302607,-0.314633,-0.37578,-0.406793,0.279062,-0.1054,0.26487,-0.701406,-1.297388,-0.884672,-0.501445,0.055139,0.291917,-0.273889,0.375487,-0.369215,0.001832,-1.052622,-0.139452,0.008494,-0.186335,-0.172375,0.855462,0.24563,-0.351559,-1.21153,0.176695,0.136017
2026-07-26 12:16:10,-0.184281,0.147244,0.908462,0.147102,0,-0.309218,-0.321139,-0.374677,-0.407356,0.215379,-0.113935,0.351849,-0.718294,0.000217,-0.200417,0.08991,0.356545,0.298322,-0.280291,0.374162,-0.368688,-0.000336,0.548506,0.995219,-0.029472,-0.183823,-0.186297,-0.616465,0.847653,-0.556599,-0.350485,0.188791,0.176528
2026-07-26 12:16:20,-0.17677,0.396742,-0.544336,0.13183,0,-0.303875,-0.318064,-0.375791,-0.407961,-0.047656,-0.480928,0.446077,-0.698028,-0.117007,-0.103172,-0.875163,-0.451876,0.272255,-0.271929,0.358826,-0.364531,0.005498,0.183811,-0.98714,-0.010856,-0.184266,-0.183784,0.139965,-0.623051,0.908855,-0.555538,0.147188,0.188623
2026-07-26 12:16:30,-0.180963,0.034425,0.161725,0.139793,0,-0.302272,-0.318546,-0.379342,-0.410365,0.315056,-1.069822,0.348225,-0.691272,0.322584,-0.334793,-0.193676,-0.85375,0.24378,-0.294613,0.360527,-0.365261,-0.003086,-0.254999,0.479131,0.005571,-0.176755,-0.184228,0.388833,0.13275,-0.544172,0.910015,0.131915,0.147021
2026-07-26 12:16:40,-0.184949,0.389014,0.543789,0.211395,1,-0.302645,-0.318196,-0.378759,-0.410731,0.450726,-1.032839,0.138025,-0.951359,0.099532,-0.681341,0.250389,-0.776646,0.281209,-0.256961,0.376518,-0.354672,-0.002934,0.259103,0.259069,0.050564,-0.180949,-0.176717,0.026991,0.381412,0.16237,-0.54311,0.139878,0.131748
2026-07-26 12:16:50,-0.18313,-0.396053,-0.612206,0.170645,1,-0.306193,-0.320438,-0.378465,-0.410812,0.004951,-0.70852,0.232253,-1.13038,0.057201,-0.60708,0.221811,-0.739263,0.303806,-0.265187,0.368216,-0.357235,0.001324,-0.558519,-0.785166,-0.028869,-0.184935,-0.180911,0.382284,0.019871,0.544045,0.16348,0.211482,0.139711
2026-07-26 12:17:00,-0.184396,1.119333,0.45748,0.139466,1,-0.308107,-0.321576,-0.378513,-0.41079,0.614085,-0.076951,0.663526,-0.650739,0.237922,-0.499226,-0.000222,-1.050014,0.303615,-0.265025,0.364703,-0.356228,-0.000938,1.093195,0.726323,-0.022102,-0.183116,-0.184897,-0.40198,0.374869,-0.611631,0.54518,0.170731,0.211313
2026-07-26 12:17:10,-0.180549,-0.062152,1.38469,0.185518,1,-0.305653,-0.320476,-0.380085,-0.41227,0.362125,-0.008674,0.460574,-0.610206,0.752405,0.209782,0.95386,-0.599074,0.28855,-0.278104,0.389386,-0.358614,0.002811,-0.843216,0.629857,0.0325,-0.184381,-0.183078,1.11088,-0.408744,0.457946,-0.610574,0.139551,0.170563
2026-07-26 12:17:20,-0.189211,-1.325463,0.396103,0.141203,1,-0.309045,-0.317929,-0.383515,-0.410971,-0.161176,0.731001,-0.141035,0.075477,1.36946,-0.677804,1.070372,-0.627112,0.27141,-0.275399,0.390033,-0.35897,-0.006364,-0.902038,-0.671819,-0.031389,-0.180534,-0.184343,-0.069609,1.102859,1.384617,0.459076,0.185604,0.139384
2026-07-26 12:17:30,-0.174327,0.385946,2.060604,0.154743,1,-0.303428,-0.314573,-0.379097,-0.408422,-0.573726,0.147796,-0.144659,0.072099,2.349584,-0.11378,1.822206,0.200001,0.280302,-0.278928,0.36399,-0.370467,0.010906,1.233191,1.13027,0.009514,-0.189197,-0.180496,-1.330326,-0.076649,0.396701,1.38581,0.141289,0.185436
2026-07-26 12:17:40,-0.190434,1.157545,0.249629,0.148366,1,-0.308942,-0.312977,-0.382135,-0.407175,0.112934,0.813503,0.543929,0.305164,1.656008,0.222159,2.248685,-0.433184,0.258674,-0.295513,0.353748,-0.371524,-0.011824,0.559094,-1.230112,-0.004567,-0.174312,-0.189159,0.37901,-1.336318,2.06098,0.397826,0.154829,0.141122
2026-07-26 12:17:50,-0.190274,-0.396642,0.200344,0.124851,1,-0.309535,-0.31267,-0.38458,-0.406479,0.636235,-0.042813,-0.126538,0.099121,1.535528,0.330013,2.121181,-0.31636,0.249155,-0.286179,0.347031,-0.367678,0.000107,-1.110267,-0.033943,-0.016683,-0.19042,-0.174274,1.150175,0.371597,0.250244,2.062219,0.148452,0.154662
2026-07-26 12:18:00,-0.186966,-0.041294,-0.504845,0.179406,1,-0.316585,-0.320479,-0.387249,-0.406945,0.395351,0.02262,-0.11929,0.099121,-0.032345,-0.939483,1.186885,0.006073,0.263513,-0.274086,0.344219,-0.370154,0.002416,0.26028,-0.478889,0.038511,-0.19026,-0.190382,-0.403617,1.142121,0.200537,0.25136,0.124935,0.148285
2026-07-26 12:18:10,-0.191373,0.026822,-1.714909,0.14201,1,-0.317108,-0.320119,-0.388148,-0.406615,-0.241471,-0.995855,0.478695,-0.583184,-1.233892,0.147898,0.140472,1.118236,0.259813,-0.273532,0.344591,-0.370244,-0.003242,0.054403,-0.821943,-0.026498,-0.186951,-0.190221,-0.048324,-0.41038,-0.504229,0.20165,0.179491,0.124769
2026-07-26 12:18:20,-0.191373,-0.656658,1.029983,0.094467,1,-0.317721,-0.319851,-0.395238,-0.412453,-0.388217,-0.736969,0.018428,-0.367008,-0.725921,0.959457,-0.369544,0.218693,0.242126,-0.258261,0.316882,-0.358148,-1e-05,-0.48558,1.864009,-0.033672,-0.191358,-0.186913,0.020442,-0.055382,-1.714937,-0.503165,0.142096,0.179324
2026-07-26 12:18:30,-0.188451,-0.808321,0.403834,0.10837,1,-0.318549,-0.320768,-0.394413,-0.412323,-0.820148,-0.620328,-0.851368,-1.042558,-0.170734,1.084992,-0.2948,0.263086,0.20077,-0.277124,0.298498,-0.356336,0.002133,-0.104415,-0.42523,0.00977,-0.191358,-0.19132,-0.66231,0.013327,1.030458,-1.713955,0.094551,0.141929
2026-07-26 12:18:40,-0.180907,-0.808321,0.455171,0.149139,1,-0.312712,-0.316795,-0.390517,-0.409703,-1.290842,-1.240516,-1.032576,-0.941226,1.156177,-1.088004,-0.167296,0.330844,0.20492,-0.272991,0.309661,-0.355415,0.005522,0.004993,0.034788,0.028764,-0.188436,-0.19132,-0.814578,-0.668857,0.403801,1.031627,0.108454,0.094386
2026-07-26 12:18:50,-0.173142,0.381394,-0.777486,0.167553,1,-0.302543,-0.314382,-0.384767,-0.405719,-0.706628,-0.199282,-0.84412,-0.674384,0.050689,-0.391372,-0.303594,0.41963,0.247468,-0.271043,0.304215,-0.359371,0.005685,0.859085,-0.837619,0.01296,-0.180893,-0.188398,-0.814578,-0.820999,0.455283,0.404928,0.149224,0.108288
2026-07-26 12:19:00,-0.182963,-0.179791,1.287569,0.21748,1,-0.299483,-0.31703,-0.38127,-0.406635,-0.352222,-0.358597,-0.934724,-0.738561,0.591222,0.289346,1.184686,-0.395801,0.310988,-0.265764,0.338908,-0.339093,-0.007213,-0.397348,1.402785,0.035239,-0.173127,-0.180855,0.374098,-0.820999,-0.777615,0.456413,0.167638,0.149057
2026-07-26 12:19:10,-0.177916,-0.603784,0.692229,0.136671,1,-0.297814,-0.317318,-0.375672,-0.40816,-0.235933,-0.534981,-0.912979,-0.752072,0.736124,0.337085,1.017612,-0.514961,0.303729,-0.260127,0.358307,-0.34814,0.003692,-0.299703,-0.404731,-0.05719,-0.182949,-0.173089,-0.185857,0.366689,1.287866,-0.776569,0.217566,0.167471
2026-07-26 12:19:20,-0.185158,-0.767374,-1.012027,0.114923,1,-0.304516,-0.3186,-0.374303,-0.409291,-0.88383,-0.864989,-0.894858,-0.768961,0.59285,0.596996,0.31634,0.101869,0.273091,-0.246326,0.361321,-0.350115,-0.005322,-0.11265,-1.157763,-0.015434,-0.177901,-0.18291,-0.609916,-0.1928,0.692276,1.289053,0.136755,0.217397
2026-07-26 12:19:30,-0.183818,-0.819912,0.810622,0.153752,1,-0.304993,-0.31845,-0.375514,-0.408949,-1.243773,-1.194998,-0.898482,-0.762205,0.301418,0.250448,0.492207,0.211683,0.235991,-0.28231,0.36344,-0.350311,0.000972,-0.032653,1.237588,0.027393,-0.185143,-0.177863,-0.773646,-0.616507,-1.011945,0.693422,0.115008,0.136588
2026-07-26 12:19:40,-0.187824,-0.037346,0.596721,0.126606,1,-0.310519,-0.320392,-0.38162,-0.410438,-0.925362,-0.631707,-1.086938,-1.06958,0.242806,0.20271,1.173694,-0.1972,0.230131,-0.281831,0.344618,-0.348401,-0.002948,0.566153,-0.145481,-0.019251,-0.183804,-0.185105,-0.826039,-0.7801,0.811217,-1.010915,0.153838,0.114842
2026-07-26 12:19:50,-0.177127,-0.493331,1.100981,0.06154,1,-0.30604,-0.31679,-0.379193,-0.40931,-0.77031,-0.70852,-1.224656,-1.157402,1.533899,-1.277191,1.079166,-0.302342,0.199054,-0.253248,0.272935,-0.354161,0.007835,-0.322056,0.342271,-0.046059,-0.187809,-0.183765,-0.043412,-0.83245,0.597302,0.812371,0.126692,0.153671
2026-07-26 12:20:00,-0.174155,-2.169404,1.350075,0.199735,1,-0.300651,-0.31488,-0.377629,-0.408121,-1.531727,0.557462,-1.916869,-0.157588,1.864406,-1.01728,1.406719,-0.047666,0.225822,-0.230615,0.301922,-0.33723,0.002169,-1.1985,0.169236,0.097645,-0.177113,-0.187771,-0.500217,-0.050474,1.101467,0.598441,0.061624,0.126525
2026-07-26 12:20:10,-0.175204,1.516646,-1.064665,0.112887,1,-0.293612,-0.320961,-0.373489,-0.407913,-0.656789,1.812064,-0.905731,0.950314,0.848464,0.863979,1.380339,0.010746,0.217836,-0.229869,0.300988,-0.337047,-0.000779,2.650795,-1.640691,-0.06146,-0.174141,-0.177075,-2.173532,-0.5069,1.35,1.102641,0.199822,0.061459
2026-07-26 12:20:20,-0.183765,1.303998,-0.73387,0.187033,1,-0.297314,-0.316932,-0.373467,-0.407923,0.356588,2.201815,0.032924,1.284711,-0.273305,0.826849,0.615315,0.375237,0.290893,-0.253748,0.316286,-0.331081,-0.006289,-0.147943,0.224704,0.052362,-0.175189,-0.174103,1.508743,-2.178824,-1.064315,1.35119,0.112973,0.199654
2026-07-26 12:20:30,-0.184754,0.528849,-1.038062,0.105421,1,-0.303225,-0.316954,-0.37219,-0.409014,1.873884,-0.489462,0.282991,1.315111,-1.733722,-1.415102,-0.195875,0.662623,0.235988,-0.255609,0.306547,-0.329172,-0.000736,-0.551461,-0.206978,-0.057757,-0.18375,-0.175151,1.295894,1.500391,-0.733234,-1.063288,0.187119,0.112806
2026-07-26 12:20:40,-0.184833,-0.065616,0.191169,0.161723,1,-0.308596,-0.321937,-0.375395,-0.408516,0.985103,-0.199282,0.471446,1.247556,-0.965253,-0.506299,-0.646536,0.225702,0.264419,-0.259089,0.352601,-0.345938,-6.8e-05,-0.422053,0.834846,0.039746,-0.18474,-0.183712,0.521454,1.287719,-1.037686,-0.732185,0.105506,0.186952
2026-07-26 12:20:50,-0.18274,-0.065616,-0.456771,0.146743,1,-0.308024,-0.321304,-0.378965,-0.410002,0.212611,-0.796712,1.402853,-0.265676,-0.79593,-0.555806,-1.541262,-1.131791,0.240963,-0.272216,0.328244,-0.355219,0.001524,0.004993,-0.440303,-0.010649,-0.184818,-0.184701,-0.072884,0.513923,0.191661,-1.036658,0.161808,0.10534
2026-07-26 12:21:00,-0.192474,2.503353,0.697987,0.17097,1,-0.31233,-0.31709,-0.386148,-0.41018,1.325664,1.18334,1.837751,0.440274,0.2656,-0.628298,-0.666321,-0.636458,0.279122,-0.289839,0.354941,-0.358384,-0.007149,1.848467,0.784202,0.01707,-0.182725,-0.18478,-0.072884,-0.079921,-0.456298,0.192773,0.146829,0.161641
2026-07-26 12:21:10,-0.176872,-0.214436,0.799829,0.118972,1,-0.30789,-0.31414,-0.383282,-0.408287,1.239831,1.260153,1.167283,0.541606,0.636809,-0.391372,0.092109,-0.437857,0.254235,-0.275485,0.323653,-0.361732,0.011432,-1.945536,0.069154,-0.036821,-0.192459,-0.182687,2.494394,-0.079921,0.69849,-0.45523,0.171056,0.146662
2026-07-26 12:21:20,-0.175998,0.550434,-0.793052,0.091317,1,-0.30413,-0.312653,-0.37964,-0.407073,1.588699,1.041095,1.178156,0.541606,0.431667,-0.004158,0.213018,-0.650477,0.221969,-0.260476,0.317173,-0.356638,0.000631,0.554388,-1.082399,-0.019611,-0.176857,-0.192421,-0.221877,2.485223,0.799678,0.699636,0.119057,0.170889
2026-07-26 12:21:30,5.44068,0.774025,1.012048,0.220358,1,2.837766,3.148142,1.960103,2.362903,0.614085,-0.492307,1.547819,0.433518,0.623785,0.185029,0.619711,-0.342062,0.250721,-0.23186,0.344126,-0.338658,4.119348,0.164988,1.226133,0.091172,-0.175983,-0.176819,0.542739,-0.228791,-0.792704,0.800831,0.091401,0.118891
2026-07-26 12:21:40,5.44068,-0.04717,0.329558,0.170822,1,5.970959,3.147872,4.298975,2.986952,0.708224,-0.654467,1.555067,0.426763,0.335609,0.03474,1.008819,-0.60842,0.280906,-0.234819,0.355193,-0.337796,-1e-05,-0.584401,-0.463816,-0.03508,5.440681,-0.175945,0.767048,0.53519,1.012706,-0.791659,0.220445,0.091236
2026-07-26 12:21:50,-0.188973,0.163318,1.439702,0.116219,1,5.963723,3.155889,4.300431,2.986243,0.48949,-0.651622,0.522185,-0.951359,1.701595,-0.665428,1.378141,-0.24393,0.295402,-0.248355,0.330025,-0.336246,-4.128885,0.155577,0.754056,-0.038662,5.440681,5.440682,-0.053236,0.759313,0.330129,1.013873,0.170908,0.220276
2026-07-26 12:22:00,-0.18833,0.482479,0.51564,0.158815,1,2.824138,3.15569,4.295666,2.988553,0.326131,-0.927577,0.830237,-1.127002,1.397138,-0.596472,1.237446,-0.274304,0.259574,-0.272702,0.34834,-0.338046,0.000461,0.234398,-0.627807,0.030056,-0.188958,5.440682,0.156338,-0.06029,1.439649,0.331251,0.116305,0.17074
2026-07-26 12:22:10,5.44068,0.369331,-0.651758,-6.988008,1,2.824138,3.15569,6.631734,2.9911,0.561478,-1.109651,0.750506,-1.154024,0.797993,0.307027,1.305595,-0.414492,-3.908029,3.978623,-2.905935,3.022832,4.128393,-0.076181,-0.793004,-5.052786,-0.188315,-0.18892,0.47561,0.14911,0.515641,1.440845,0.158901,0.116138
2026-07-26 12:22:20,-0.17972,-1.082206,0.070313,0.122754,1,2.829299,3.152835,4.294118,2.989301,-0.141794,0.122192,-0.072176,-0.508874,-0.038857,-0.60708,0.839546,-0.498606,-3.904226,3.980569,-2.9508,3.011049,-4.122099,-1.037328,0.490586,5.027173,5.440681,-0.188277,0.362637,0.468117,-0.651573,0.516775,-6.988031,0.158734
2026-07-26 12:22:30,-0.181397,0.395555,-0.939395,0.195751,1,2.833166,3.15069,1.955804,2.364173,-0.188864,0.076673,0.123528,-0.45483,-0.929435,-0.744992,0.210819,0.00841,-3.882724,3.991792,-2.939341,3.014103,-0.00124,1.066137,-0.686289,0.051549,-0.179706,5.440682,-1.088006,0.355237,0.070946,-0.650519,0.122839,-6.98803
2026-07-26 12:22:40,-0.181573,-0.51386,0.256575,0.171097,1,-0.30265,-0.321479,1.958882,2.363258,-0.687246,-0.096866,-0.173652,-0.363631,-0.374248,-0.499226,-0.373941,-0.865432,0.285041,-0.263919,-2.914116,3.020595,-0.00014,-0.647928,0.811935,-0.01749,-0.181383,-0.179667,0.388833,-1.0942,-0.939161,0.072049,0.195838,0.122672
2026-07-26 12:22:50,-0.188149,1.04083,-0.178507,0.18435,1,-0.307351,-0.318455,1.958957,2.363236,0.508871,-0.034278,0.07279,-0.073144,-0.525663,-0.575255,-0.719081,-1.180857,0.320902,-0.289721,-2.902375,3.023656,-0.004833,1.120253,-0.295605,0.009312,-0.181559,-0.181344,-0.519865,0.381412,0.256457,-0.938126,0.171182,0.19567
2026-07-26 12:23:00,-0.178985,1.000301,1.452913,0.125419,1,-0.306006,-0.317518,-0.378354,-0.410452,0.849432,0.147796,0.351849,0.136276,0.936382,-0.097868,0.322935,-0.211219,0.279955,-0.270389,0.367573,-0.355397,0.006711,-0.024418,1.107963,-0.041723,-0.188135,-0.181521,1.03229,-0.526531,-0.178474,0.257573,0.184436,0.171015
2026-07-26 12:23:10,-0.18129,-0.829598,0.027889,0.18863,1,-0.305848,-0.317472,-0.379007,-0.41065,0.67223,0.46358,0.464198,-0.029233,0.796364,-0.011231,0.30315,-0.208883,0.290163,-0.265801,0.397858,-0.361508,-0.001701,-1.307908,-0.967847,0.044631,-0.178971,-0.188097,0.992995,1.024334,1.452963,-0.177388,0.125503,0.184268
2026-07-26 12:23:20,-0.17749,-0.517198,-0.16492,0.137823,1,-0.299903,-0.320525,-0.377382,-0.40995,-0.205477,0.30711,0.058293,0.072099,0.806133,-0.020071,0.685662,-0.704216,0.263074,-0.267707,0.371226,-0.36125,0.002777,0.229692,-0.131012,-0.035979,-0.181276,-0.178932,-0.835863,0.985072,0.02834,1.454161,0.188715,0.125337
2026-07-26 12:23:30,-0.176353,0.461948,-0.505312,0.152793,1,-0.298435,-0.319807,-0.375211,-0.409288,-0.510043,-0.222041,0.489567,-0.0191,-0.392158,-1.243597,0.309745,-0.477577,0.27901,-0.275392,0.362812,-0.361651,0.000824,0.707325,-0.231094,0.010524,-0.177475,-0.181237,-0.52314,-0.842266,-0.164272,0.029441,0.137908,0.188548
2026-07-26 12:23:40,5.44068,0.96744,-0.10749,0.184133,1,2.837223,3.148443,1.965912,2.361169,0.503333,-0.082641,0.45695,-0.052878,-0.475191,-1.353219,0.344918,-0.493933,0.276393,-0.277969,0.362712,-0.361707,4.119609,0.367335,0.269922,0.022099,-0.176339,-0.177437,0.454325,-0.529803,-0.505117,-0.163185,0.152877,0.137741
2026-07-26 12:23:50,-0.18067,-1.368431,1.844735,0.149734,1,2.83545,3.149426,1.965211,2.361378,0.024333,0.742381,-0.59043,0.170054,0.754034,0.724299,0.538373,-0.045329,0.283328,-0.282748,0.373891,-0.367532,-4.122795,-1.671427,1.325612,-0.024378,5.440681,-0.1763,0.960249,0.44685,-0.107465,-0.504052,0.184219,0.15271
2026-07-26 12:24:00,-0.18067,0.96344,-0.010503,0.146523,1,2.833042,3.150759,1.965469,2.361301,0.306749,0.947214,0.203259,0.305164,1.056862,0.411345,0.518588,-0.040656,0.279678,-0.280864,0.354534,-0.372666,-1e-05,1.67906,-1.260257,-0.002329,-0.180655,5.440682,-1.374533,0.952353,1.845289,-0.106374,0.14982,0.184051
2026-07-26 12:24:10,-0.184389,0.329572,-1.180968,0.160931,1,-0.304344,-0.320275,1.962599,2.362154,-0.053193,0.702552,0.580171,0.180187,0.400733,1.258266,0.015166,0.468696,0.266171,-0.29469,0.365156,-0.375349,-0.002738,-0.450287,-0.795415,0.010128,-0.180655,-0.180617,0.955337,-1.380488,-0.009827,1.846513,0.146608,0.149653
2026-07-26 12:24:20,-0.182187,-1.749488,0.178951,0.165372,1,-0.305191,-0.320572,1.960173,2.362873,-0.269159,1.072389,-0.39835,0.879381,-0.618465,-0.313576,0.35591,0.370564,0.275275,-0.292307,0.370939,-0.375572,0.001605,-1.486726,0.923473,0.003081,-0.184375,-0.180617,0.321704,0.947445,-1.180592,-0.008729,0.161016,0.146441
2026-07-26 12:24:30,-0.194308,0.345029,-2.046263,0.13367,1,-0.312798,-0.315664,-0.383511,-0.408141,-0.615257,0.699707,-0.673785,0.649694,-1.862343,0.45378,-0.604767,1.39394,0.267793,-0.284698,0.347744,-0.378133,-0.0089,1.508477,-1.511669,-0.022471,-0.182172,-0.184337,-1.754385,0.314339,0.179235,-1.179574,0.165457,0.160849
2026-07-26 12:24:40,-0.182192,1.238656,-0.294038,0.116367,1,-0.311572,-0.315086,-0.384144,-0.408378,-0.103031,1.271532,0.478695,0.615917,-1.320182,0.554562,-1.664369,-0.047666,0.241849,-0.276699,0.332404,-0.370028,0.008876,0.64615,1.189958,-0.012291,-0.194294,-0.182134,0.338077,-1.760025,-2.046017,0.180346,0.133755,0.16529
2026-07-26 12:24:50,-0.186276,0.603934,1.275906,0.186827,1,-0.313853,-0.315977,-0.386476,-0.408919,1.22045,-0.591879,0.319232,0.52134,-0.649399,1.528785,-1.026849,0.854214,0.254338,-0.26435,0.350932,-0.361905,-0.003006,-0.450287,1.066362,0.049756,-0.182177,-0.194255,1.230403,0.330698,-0.293864,-2.045058,0.116451,0.133588
2026-07-26 12:25:00,-0.17548,-0.866986,-0.54274,0.187863,1,-0.303351,-0.31674,-0.38277,-0.406836,0.539328,0.483494,-0.209894,0.680094,0.268856,0.18326,-0.710288,0.681315,0.285889,-0.259913,0.363312,-0.357319,0.007907,-1.050269,-1.235538,0.000673,-0.186262,-0.182139,0.59677,1.222282,1.276327,-0.292786,0.186914,0.116285
2026-07-26 12:25:10,-0.188391,0.029762,0.246958,0.168628,1,-0.306809,-0.315163,-0.385351,-0.406693,-0.141794,-0.1054,0.576547,-0.201499,0.599363,0.03474,-0.677312,0.700007,0.316313,-0.291303,0.364807,-0.357085,-0.009479,0.648503,0.536407,-0.013658,-0.175466,-0.186223,-0.873521,0.589176,-0.542397,1.277513,0.187949,0.186746
2026-07-26 12:25:20,-0.181637,-0.861802,0.369791,0.144986,1,-0.304221,-0.315663,-0.38008,-0.408974,-0.966894,-0.495152,0.043797,0.099121,0.045805,-0.794499,0.518588,-0.641131,0.291956,-0.280212,0.37001,-0.359058,0.004943,-0.634987,0.083021,-0.016774,-0.188376,-0.175428,0.022079,-0.879892,0.247581,-0.541335,0.168713,0.187781
2026-07-26 12:25:30,-0.179223,0.862089,0.660427,0.193289,1,-0.306309,-0.317488,-0.378846,-0.408686,0.004951,0.105122,-0.122914,-0.140699,0.781711,-1.358523,0.991232,-0.753282,0.295114,-0.277427,0.405369,-0.370334,0.00176,1.242603,0.19697,0.034092,-0.181623,-0.188338,-0.866971,0.014963,0.370072,0.248697,0.145071,0.168546
2026-07-26 12:25:40,-0.176598,-0.417289,-0.058553,0.135485,1,-0.299731,-0.319877,-0.37482,-0.408791,-0.247008,0.16202,-0.575933,-0.306209,0.594478,-1.061482,0.331728,-1.288335,0.275819,-0.270305,0.38177,-0.364275,0.001915,-0.913803,-0.488536,-0.040926,-0.179209,-0.181584,0.853825,-0.873349,0.660322,0.371196,0.193376,0.144904
2026-07-26 12:25:50,-0.180969,-0.057008,1.675169,0.126167,1,-0.299358,-0.320219,-0.377103,-0.409616,0.207073,-0.247646,-0.217142,-0.48523,1.392254,-0.046593,1.428702,-0.743936,0.264864,-0.26472,0.353407,-0.362484,-0.003216,0.263809,1.177297,-0.006647,-0.176584,-0.17917,-0.423265,0.846017,-0.058646,0.661466,0.13557,0.193208
2026-07-26 12:26:00,-0.179269,1.13965,-0.058892,0.179833,1,-0.299384,-0.320216,-0.373309,-0.412301,0.364894,0.02262,0.275742,-0.052878,0.952663,0.213318,1.277017,-0.610756,0.257028,-0.272721,0.358559,-0.360425,0.001236,0.863791,-1.178262,0.037883,-0.180954,-0.176545,-0.06306,-0.430011,1.675754,-0.057551,0.126252,0.135404
2026-07-26 12:26:10,-0.190218,-0.361062,-0.899156,0.177464,1,-0.306981,-0.316267,-0.376878,-0.408662,0.395351,-0.014364,0.496816,-0.312964,0.439808,0.833921,0.650488,0.04112,0.281468,-0.271006,0.373488,-0.359828,-0.008041,-1.072621,-0.571134,-0.001733,-0.179254,-0.180916,1.132165,-0.070105,-0.058646,1.676967,0.179918,0.126085
2026-07-26 12:26:20,-0.174893,-0.435704,1.902685,0.210101,1,-0.303592,-0.314125,-0.375077,-0.40786,0.182154,0.150641,-0.079424,-0.421052,0.578197,1.083224,1.263827,0.711689,0.330332,-0.283623,0.381216,-0.354584,0.01123,-0.049123,1.903198,0.023015,-0.190204,-0.179216,-0.367597,1.124126,-0.899218,-0.057551,0.17755,0.17975
2026-07-26 12:26:30,-0.18207,-0.460383,-1.362654,0.130773,1,-0.305155,-0.314368,-0.377353,-0.408279,-0.717703,-1.300259,-0.097545,-0.407541,-0.219578,1.737421,0.619711,1.405623,0.301769,-0.26107,0.379051,-0.353431,-0.005275,-0.012653,-2.218277,-0.056143,-0.174878,-0.190166,-0.442912,-0.374389,1.902984,-0.898181,0.210187,0.177382
2026-07-26 12:26:40,-0.189102,-0.343592,0.750039,0.155559,1,-0.304532,-0.31497,-0.380736,-0.407263,-0.709396,-1.28319,-0.22439,-0.377142,0.789852,1.518176,0.160257,0.945337,0.289018,-0.260329,0.392562,-0.359905,-0.005168,0.08852,1.434739,0.017465,-0.182056,-0.17484,-0.467472,-0.449642,-1.362553,1.904212,0.130858,0.210019
2026-07-26 12:26:50,-0.183324,0.050997,-0.172096,0.150795,1,-0.309235,-0.31856,-0.382423,-0.407655,-0.435286,-0.927577,-0.706402,-1.3702,-0.478448,0.328245,0.105299,0.954683,0.254491,-0.288874,0.379214,-0.359251,0.004227,0.288514,-0.626601,-0.003427,-0.189088,-0.182018,-0.349586,-0.474181,0.749971,-1.361547,0.155645,0.130691
2026-07-26 12:27:00,-0.185693,-0.215385,1.157243,0.186799,1,-0.311256,-0.319465,-0.380541,-0.408636,-0.296847,-1.041373,-0.641168,-1.3702,1.061747,-0.424966,1.123132,0.828513,0.287108,-0.28221,0.383506,-0.357938,-0.001748,-0.186766,0.902974,0.025396,-0.18331,-0.18905,0.043364,-0.356394,-0.172261,0.751121,0.15088,0.155478
2026-07-26 12:27:10,-0.183763,-1.712871,-0.74416,0.181294,1,-0.308278,-0.321225,-0.38423,-0.411434,-1.06657,0.258747,-1.206535,-0.387275,0.148376,0.162043,-0.187081,0.239721,0.30209,-0.28238,0.370262,-0.366899,0.001405,-1.070268,-1.291608,-0.00395,-0.185679,-0.183272,-0.221877,0.03623,1.157387,-0.171174,0.186885,0.150713
2026-07-26 12:27:20,-0.184,0.590005,-1.420779,0.185248,1,-0.308655,-0.321447,-0.385033,-0.41184,-0.764772,0.637119,-0.742644,-0.039367,-0.615209,0.88166,-0.21566,0.288787,0.322147,-0.299608,0.395305,-0.373002,-0.000184,1.657884,-0.459596,0.002737,-0.183749,-0.18564,-1.718364,-0.228791,-0.743885,1.158565,0.181381,0.186717
2026-07-26 12:27:30,-0.183475,-0.580202,-0.747532,0.221784,1,-0.307417,-0.322292,-0.382692,-0.413405,-0.969663,0.60867,-0.847744,-0.022478,-1.77931,-1.004903,-0.958701,0.057476,0.342515,-0.279332,0.425748,-0.364604,0.000375,-0.834981,0.457426,0.025771,-0.183986,-0.18371,0.582034,-1.724034,-1.420248,-0.742837,0.185335,0.181213
2026-07-26 12:27:40,-0.188143,-0.302498,-1.385989,0.188189,1,-0.30986,-0.319837,-0.384696,-0.412305,-0.17502,-0.330148,-1.003583,-0.083277,-2.171685,-1.02612,-1.558849,0.272432,0.346527,-0.281438,0.442936,-0.373903,-0.003434,0.203811,-0.433671,-0.02381,-0.18346,-0.183948,-0.586994,0.574452,-0.747436,-1.419246,0.22187,0.185167
2026-07-26 12:27:50,-0.176655,0.763512,-0.494556,0.118642,1,-0.305763,-0.316391,-0.380937,-0.409895,-0.078112,-0.159454,-0.568685,0.257875,-1.60673,-0.865223,-2.378832,-1.39114,0.307753,-0.247818,0.411605,-0.351559,0.008415,0.769676,0.605138,-0.049228,-0.188128,-0.183422,-0.308654,-0.593604,-1.385631,-0.746388,0.188276,0.221702
2026-07-26 12:28:00,-0.177287,-0.489901,-0.269536,0.16201,1,-0.302312,-0.315662,-0.378243,-0.409086,-0.028274,-0.219196,-0.028686,-0.495363,-1.313669,-0.605312,-2.143609,-1.122445,0.272955,-0.266008,0.402742,-0.350816,-0.000474,-0.89498,0.152958,0.030602,-0.17664,-0.18809,0.755587,-0.315495,-0.494465,-1.384627,0.118726,0.188108
2026-07-26 12:28:10,-0.184398,-0.580211,-0.339489,0.215259,1,-0.300223,-0.317972,-0.378409,-0.409036,-0.183326,-0.088331,-0.54694,-0.623717,-0.673821,-1.551246,-1.607212,-1.30469,0.288715,-0.252201,0.416537,-0.346418,-0.005226,-0.059711,-0.04781,0.037588,-0.177272,-0.176602,-0.496943,0.747861,-0.269011,-0.4934,0.162095,0.11856
2026-07-26 12:28:20,-0.182827,-0.419803,0.65154,0.180649,1,-0.303665,-0.318576,-0.378139,-0.40908,-0.850605,-1.251896,-0.474457,-0.66425,0.026267,-0.679573,-0.914734,-0.585055,0.324813,-0.274442,0.397625,-0.353201,0.001142,0.120284,0.673267,-0.024528,-0.184383,-0.177234,-0.586994,-0.503628,-0.339133,-0.267931,0.215346,0.161928
2026-07-26 12:28:30,-0.180562,-0.679752,-0.499974,0.109751,1,-0.305492,-0.32051,-0.374986,-0.41073,-0.955819,-1.163704,-0.641168,-0.579807,-0.11375,-0.538125,-0.475065,-1.227586,0.29439,-0.246591,0.361569,-0.344731,0.001651,-0.18206,-0.782151,-0.050183,-0.182812,-0.184345,-0.426539,-0.593604,0.651446,-0.338057,0.180735,0.215178
2026-07-26 12:28:40,-0.180562,2.072485,-0.805688,0.171187,1,-0.303352,-0.321174,-0.376611,-0.411486,0.536559,1.245928,-0.064928,0.619294,-0.39867,-0.249924,-0.628949,-1.057023,0.268732,-0.262503,0.385725,-0.350746,-1e-05,1.980227,-0.207581,0.043376,-0.180547,-0.182774,-0.685232,-0.433283,-0.499791,0.652589,0.109836,0.180567
2026-07-26 12:28:50,-0.176387,-1.857128,-0.415328,0.182448,1,-0.29976,-0.319994,-0.376237,-0.411121,-0.271928,2.107934,-0.666537,1.16649,-1.051543,-1.372668,-0.701494,-1.043005,0.269779,-0.261842,0.395119,-0.350405,0.003052,-2.814921,0.265099,0.007902,-0.180547,-0.180509,2.063785,-0.69176,-0.805131,-0.498726,0.171273,0.10967
2026-07-26 12:29:00,-0.18739,-0.363018,-1.369273,0.162189,1,-0.303569,-0.316629,-0.377481,-0.410029,-0.094725,2.051036,-0.572309,1.152979,-1.582308,-0.826325,-1.21151,-0.550008,0.300306,-0.291998,0.370723,-0.35958,-0.008081,1.077902,-0.648306,-0.014381,-0.176372,-0.180509,-1.862446,2.054972,-0.415468,-0.804087,0.182533,0.171106
2026-07-26 12:29:10,-0.184826,-0.363018,0.905983,0.116368,1,-0.305948,-0.316412,-0.378313,-0.409751,-1.465276,0.105122,-0.54694,1.149601,-0.53706,0.494446,-1.086205,-0.285986,0.268393,-0.267332,0.341174,-0.356148,0.00187,0.004993,1.545071,-0.032454,-0.187376,-0.176334,-0.369234,-1.867996,-1.368767,-0.414397,0.162275,0.182366
2026-07-26 12:29:20,-0.184828,0.005974,-1.093247,0.150837,1,-0.310656,-0.32099,-0.380087,-0.409663,-0.415905,-1.021459,-0.242511,1.10569,-0.9506,0.692473,-1.380783,-0.150471,0.249991,-0.277729,0.360062,-0.364477,-1.2e-05,0.269691,-1.357928,0.024311,-0.184812,-0.187338,-0.369234,-0.376025,0.906192,-1.367761,0.116453,0.162108
2026-07-26 12:29:30,-0.179007,-0.729411,1.823888,0.191045,1,-0.30598,-0.318978,-0.379441,-0.409388,-0.623564,-0.754038,-1.48197,-0.31972,1.001507,1.18931,-0.077164,1.083189,0.266789,-0.263666,0.369189,-0.360116,0.004259,-0.523226,1.981576,0.028368,-0.184813,-0.184773,-0.000843,-0.376025,-1.092718,0.907352,0.150922,0.116287
2026-07-26 12:29:40,-0.1838,-0.534629,0.060494,0.161662,1,-0.305408,-0.319249,-0.382524,-0.411063,-0.720471,-0.731279,-0.898482,-1.241845,0.483767,1.145107,0.158059,1.036459,0.293156,-0.28091,0.359636,-0.362784,-0.003525,0.144989,-1.198157,-0.020832,-0.178993,-0.184775,-0.735988,-0.00794,1.823986,-1.091694,0.191131,0.150755
2026-07-26 12:29:50,-0.182582,-0.77373,-0.436698,0.18793,1,-0.304155,-0.319908,-0.380524,-0.411786,-1.15794,-1.169394,-1.07969,-1.147268,0.885911,0.584619,0.619711,0.513089,0.314753,-0.285765,0.371466,-0.358941,0.000883,-0.166766,-0.337809,0.018513,-0.183785,-0.178955,-0.54115,-0.742474,0.060294,1.825209,0.161748,0.190963
2026-07-26 12:30:00,-0.174396,0.377492,0.268085,0.15929,1,-0.301583,-0.317101,-0.376186,-0.409755,-0.534963,-0.335837,-0.753516,-0.762205,-0.064907,-1.059714,0.305348,0.363554,0.296265,-0.286021,0.391199,-0.372139,0.005994,0.83085,0.478528,-0.020306,-0.182568,-0.183747,-0.780195,-0.547798,-0.43677,0.061397,0.188016,0.16158
2026-07-26 12:30:10,-0.182254,1.68093,-0.613319,0.192102,1,-0.300721,-0.317614,-0.375116,-0.410263,0.713761,0.739536,-0.010566,0.359208,-0.47682,-0.852846,0.542769,0.045793,0.313987,-0.283974,0.410168,-0.373927,-0.005773,0.940259,-0.598868,0.023139,-0.174382,-0.18253,0.370823,-0.786644,0.267996,-0.435701,0.159376,0.187848
2026-07-26 12:30:20,-0.178383,0.75044,0.527566,0.131804,1,-0.298379,-0.318369,-0.374856,-0.410189,1.572086,-0.224886,0.641782,0.25112,0.112557,-0.589399,-0.099148,-1.236932,0.281312,-0.271146,0.382936,-0.365388,0.002828,-0.663222,0.774555,-0.042689,-0.182239,-0.174343,1.672472,0.363417,-0.613406,0.269113,0.192187,0.159209
2026-07-26 12:30:30,-0.175901,0.091487,-0.717701,0.131218,1,-0.299218,-0.319147,-0.371571,-0.410395,1.408728,-0.005829,0.920841,0.05521,-0.489844,-0.405517,-0.486056,-1.026649,0.26497,-0.266157,0.368941,-0.360229,0.00181,-0.467934,-0.84606,-0.000473,-0.178369,-0.182201,0.742489,1.663984,0.528068,-0.612349,0.131889,0.192019
2026-07-26 12:30:40,-0.18733,1.067233,0.828064,0.146901,1,-0.30205,-0.31614,-0.373546,-0.408693,1.065398,-0.526446,1.732651,-0.525763,0.390964,-0.149142,0.140472,-0.673841,0.238655,-0.29331,0.35008,-0.364673,-0.008393,0.704972,1.050084,0.01103,-0.175886,-0.178331,0.084297,0.734774,-0.717257,0.529202,0.131303,0.131723
2026-07-26 12:30:50,-0.181499,-1.514865,-0.665726,0.140503,1,-0.303787,-0.316457,-0.3765,-0.409686,-0.211014,0.870401,0.899096,0.717249,-0.33843,-0.032448,-0.32118,-0.533653,0.243718,-0.294355,0.341445,-0.364575,0.004266,-1.847892,-1.014874,-0.004582,-0.187316,-0.175848,1.058487,0.077129,0.828082,-0.716207,0.146985,0.131136
2026-07-26 12:31:00,-0.190005,-0.249274,1.136621,0.117496,1,-0.311654,-0.317919,-0.379724,-0.4079,-0.402061,0.850487,0.043797,0.278142,0.794736,0.139058,0.544968,-0.225238,0.235729,-0.286468,0.307147,-0.379647,-0.006249,0.913201,1.224324,-0.016324,-0.181485,-0.187277,-1.520252,1.050509,-0.665775,0.829237,0.140588,0.146818
2026-07-26 12:31:10,-0.190005,-0.713788,0.323412,0.176671,1,-0.313146,-0.317318,-0.384558,-0.407683,-1.407131,-0.278939,-0.604926,0.173431,0.487023,0.017059,0.443844,-0.262621,0.253061,-0.271518,0.327771,-0.367971,-1e-05,-0.327938,-0.552444,0.041777,-0.189991,-0.181446,-0.256261,-1.526086,1.136972,-0.664722,0.11758,0.140421
2026-07-26 12:31:20,-0.171442,1.219762,-1.330474,0.128648,1,-0.307537,-0.311104,-0.382703,-0.405777,0.135084,0.361164,-0.104793,0.612539,0.079995,0.722531,0.140472,0.228039,0.246161,-0.26984,0.326593,-0.367589,0.013605,1.393186,-1.123397,-0.03401,-0.189991,-0.189952,-0.719615,-0.263145,0.323916,1.138148,0.176756,0.117414
2026-07-26 12:31:30,-0.179364,0.856135,0.310788,0.145086,1,-0.301602,-0.312605,-0.37939,-0.405801,0.755293,0.392458,-0.199021,0.517962,-0.42472,0.114305,-0.114536,0.036448,0.262224,-0.277164,0.325757,-0.367679,-0.005821,-0.256175,1.114595,0.011562,-0.171427,-0.189952,1.210755,-0.726115,-1.330599,0.325037,0.128733,0.176588
2026-07-26 12:31:40,-0.182248,0.205729,1.953255,-6.988008,1,-0.297275,-0.316585,-0.379701,-0.405819,1.273057,-0.500842,0.56205,-0.174477,0.571685,1.489887,1.182488,0.711689,-3.908789,3.978184,-2.951129,3.010957,-0.002125,-0.462052,1.115198,-5.04308,-0.17935,-0.171389,0.848913,1.202651,0.310602,-1.329591,0.145172,0.128566
2026-07-26 12:31:50,-0.187366,1.453081,-0.239161,0.115419,1,-0.306157,-0.318237,-0.378603,-0.406431,1.405959,-0.307388,1.315873,0.004544,1.239211,0.49091,0.501001,0.629913,-3.916489,3.974229,-2.952082,3.010715,-0.003764,0.90026,-1.489362,5.021988,-0.182234,-0.179312,0.198907,0.84111,1.953578,0.311722,-6.988031,0.145005
2026-07-26 12:32:00,-0.195603,0.102173,1.581949,0.206598,1,-0.315214,-0.315363,-0.380932,-0.404502,0.979565,-0.085486,1.674664,-0.562918,2.015821,0.55633,1.123132,1.038796,-3.880678,3.992941,-2.938323,3.014401,-0.006052,-0.964389,1.236985,0.064404,-0.187351,-0.182195,1.444888,0.191644,-0.238832,1.95481,0.115504,-6.98803
2026-07-26 12:32:10,-0.180005,0.646511,0.687836,0.127851,1,-0.313963,-0.314223,-0.384493,-0.407003,1.228756,-0.210662,1.424598,-0.677761,1.242467,0.032972,2.12338,-0.120096,0.261909,-0.251107,-2.938691,3.014306,0.011429,0.39557,-0.607308,-0.055733,-0.195589,-0.187313,0.095758,1.436589,1.582555,-0.23775,0.206685,0.115338
2026-07-26 12:32:20,-0.176469,0.827158,0.844051,0.168892,1,-0.307885,-0.311678,-0.383289,-0.406247,0.87712,-0.736969,1.410101,-0.684517,1.905109,-0.829861,2.387181,-0.253276,0.293039,-0.261576,-2.927747,3.017156,0.002584,0.134401,0.105931,0.028957,-0.179991,-0.19555,0.639339,0.08858,0.687838,1.583761,0.127935,0.206517
2026-07-26 12:32:30,-0.181896,-0.574917,-0.299398,0.182669,1,-0.30024,-0.319625,-0.383142,-0.406218,0.495027,-0.068417,1.065807,-0.218387,0.754034,-0.545197,1.27262,-0.409819,0.279107,-0.272886,0.368518,-0.350912,-0.003991,-1.000859,-0.776725,0.009681,-0.176454,-0.179953,0.819442,0.63171,0.844059,0.688984,0.168978,0.127769
2026-07-26 12:32:40,-0.182963,-0.085703,0.917807,0.128872,1,-0.301889,-0.318847,-0.381311,-0.406438,0.082477,-0.156609,0.384467,-0.630473,0.895679,-0.42143,1.84419,-0.711225,0.279702,-0.273481,0.374705,-0.354827,-0.000793,0.355571,0.826405,-0.038092,-0.181881,-0.176416,-0.580445,0.811663,-0.29919,0.845215,0.182754,0.16881
2026-07-26 12:32:50,-0.189874,-1.453154,-0.269084,0.148719,1,-0.309366,-0.317938,-0.378928,-0.409014,-1.202241,-0.187903,-0.304122,0.119387,0.215128,-0.398445,0.92748,-0.891134,0.26796,-0.274251,0.348096,-0.365611,-0.005079,-0.976154,-0.806268,0.013973,-0.182948,-0.181843,-0.092531,-0.58706,0.917731,-0.298112,0.128957,0.182587
2026-07-26 12:33:00,-0.185038,0.91783,1.063561,0.181042,1,-0.311119,-0.318778,-0.381022,-0.409077,-0.360529,0.674103,-0.184525,0.247742,1.047094,-0.324184,1.114339,-0.713561,0.267013,-0.275159,0.372547,-0.366978,0.003537,1.707294,0.904783,0.022792,-0.18986,-0.18291,-1.458035,-0.099552,-0.269011,0.918892,0.148804,0.12879
2026-07-26 12:33:10,-0.182709,0.593843,-1.561984,0.154981,1,-0.310977,-0.318662,-0.383617,-0.4109,0.021564,0.839107,-0.286001,0.149787,-0.468679,0.833921,-0.077164,0.319161,0.282213,-0.284723,0.366155,-0.367187,0.001698,-0.227941,-1.78358,-0.018483,-0.185023,-0.189821,0.909493,-1.463921,1.064187,-0.267931,0.181128,0.148637
2026-07-26 12:33:20,-0.182517,0.350849,0.353251,0.124079,2,-0.306874,-0.321072,-0.383876,-0.411028,1.03771,-0.896283,0.123528,0.105876,-0.087701,0.924095,0.245993,0.316825,0.267866,-0.272886,0.339222,-0.36717,0.00013,-0.169119,1.300893,-0.021905,-0.182694,-0.184985,0.586946,0.901639,-1.561379,1.065359,0.155067,0.18096
2026-07-26 12:33:30,-0.190008,0.715887,1.01031,0.141509,2,-0.309646,-0.318004,-0.386806,-0.410365,0.924189,-1.069822,0.478695,0.180187,-0.120263,0.88166,0.292158,0.365891,0.244851,-0.286438,0.345032,-0.369275,-0.005504,0.267338,0.445971,0.012264,-0.182503,-0.182656,0.342989,0.57936,0.353207,-1.560387,0.124163,0.1549
2026-07-26 12:33:40,-0.179576,-0.848175,-0.04717,0.116943,2,-0.307899,-0.316818,-0.382523,-0.41016,0.112934,0.02831,0.743258,-0.360253,0.806133,-0.716703,0.402075,0.323834,0.222708,-0.289411,0.330424,-0.364144,0.00764,-1.117326,-0.718243,-0.017426,-0.189993,-0.182465,0.708106,0.335606,1.01093,0.35433,0.141594,0.123997
2026-07-26 12:33:50,-0.179248,-1.587693,-1.699104,0.109334,2,-0.306075,-0.316025,-0.380115,-0.409675,-0.977969,0.651344,-0.362108,0.288275,-0.449142,0.938239,-0.967494,0.653277,0.214124,-0.285063,0.297459,-0.371621,0.00023,-0.525579,-1.122191,-0.005438,-0.179562,-0.189955,-0.853873,0.700419,-0.047107,1.012098,0.117028,0.141427
2026-07-26 12:34:00,-0.185156,-0.26958,1.044534,0.133747,2,-0.303369,-0.31902,-0.381132,-0.40954,-1.534496,-0.244801,-0.746268,0.102499,-0.427976,0.970065,0.322935,0.45935,0.209606,-0.289562,0.287698,-0.377782,-0.004343,0.950847,1.863406,0.017201,-0.179234,-0.179523,-1.592293,-0.860261,-1.69896,-0.046012,0.10942,0.116861
2026-07-26 12:34:10,-0.188386,-0.43052,1.052154,0.173704,2,-0.308283,-0.317614,-0.383573,-0.409001,-1.299149,-0.142384,-1.090562,-0.063011,0.244434,1.378496,0.670273,0.65795,0.24265,-0.268745,0.31051,-0.364673,-0.002379,-0.110297,0.005245,0.02819,-0.185142,-0.179196,-0.275908,-1.598067,1.04466,-1.697977,0.133833,0.109254
2026-07-26 12:34:20,-0.171501,0.809086,-1.323747,0.168669,2,-0.303962,-0.312982,-0.375876,-0.407325,0.049252,-0.222041,-1.050697,0.004544,0.473998,0.94708,-0.486056,0.900944,0.277191,-0.279916,0.322995,-0.360074,0.012374,0.894378,-1.614163,-0.003619,-0.188372,-0.185104,-0.436363,-0.282777,1.052648,1.04583,0.17379,0.133666
2026-07-26 12:34:30,-0.185362,-0.626242,0.641425,0.206846,2,-0.304077,-0.312938,-0.378283,-0.407054,-0.150101,-0.039968,-0.952845,-0.032611,0.226525,0.749053,-0.145313,1.045805,0.319748,-0.280977,0.364323,-0.351205,-0.010176,-1.025564,1.334656,0.026932,-0.171487,-0.188334,0.801432,-0.443098,-1.323498,1.053819,0.168754,0.173622
2026-07-26 12:34:40,-0.177729,-1.288619,0.102013,0.197687,2,-0.298133,-0.315144,-0.377651,-0.40685,-0.634639,0.46927,-0.818751,-0.231898,-0.354711,0.241608,0.747215,0.108878,0.333709,-0.28182,0.404939,-0.361,0.005588,-0.470287,-0.366748,-0.006533,-0.185348,-0.171449,-0.632838,0.793668,0.641682,-1.32249,0.206933,0.168586
2026-07-26 12:34:50,5.44068,-0.610222,-0.773129,0.171193,2,2.832065,3.151302,1.962226,2.362272,-1.43205,-0.719899,-0.970965,-0.221765,-0.017692,-0.359546,-0.154106,0.092523,0.33518,-0.283294,0.42215,-0.372905,4.120618,0.492037,-0.594647,-0.01879,-0.177714,-0.185309,-1.294305,-0.63941,0.102012,0.642825,0.197773,0.206765
2026-07-26 12:35:00,-0.179663,0.312056,0.419782,0.108854,2,2.835244,3.149539,1.965855,2.361191,-0.903212,0.002706,-0.641168,-0.0799,-0.152825,-0.550501,-0.466271,-0.302342,0.278133,-0.255102,0.392342,-0.350637,-4.122057,0.667326,0.810127,-0.044132,5.440681,-0.177676,-0.616465,-1.300327,-0.773177,0.103118,0.171278,0.197605
2026-07-26 12:35:10,-0.180905,-0.126902,-0.815624,0.140809,2,2.833472,3.15052,1.961943,2.362349,-0.249777,-0.591879,-1.054321,-0.562918,-0.714524,-0.3843,-0.21566,-0.715898,0.245019,-0.270122,0.379535,-0.348164,-0.000921,-0.310291,-0.839428,0.022534,-0.179649,5.440682,0.305331,-0.623051,0.419779,-0.772131,0.108938,0.171111
2026-07-26 12:35:20,-0.181423,1.144101,-1.152987,0.170666,2,-0.30226,-0.321606,1.963582,2.361861,0.738681,-0.270405,-0.271504,0.099121,-0.945716,-0.131461,-1.103791,-0.732253,0.244713,-0.270392,0.362902,-0.355226,-0.00039,0.91673,-0.229285,0.021049,-0.18089,-0.17961,-0.133463,0.29798,-0.815782,0.420906,0.140894,0.108772
2026-07-26 12:35:30,-0.174131,0.442935,-0.109674,-6.988008,2,-0.299174,-0.318219,1.965078,2.361418,0.810669,-0.287474,0.493191,-0.448074,-1.26971,-0.720239,-1.209312,-0.830385,-3.886816,3.98954,-2.940267,3.013802,0.005338,-0.498521,0.708235,-5.061165,-0.181409,-0.180852,1.13544,-0.14045,-1.153076,-0.814739,0.170751,0.140728
2026-07-26 12:35:40,-0.185398,0.512985,-0.53813,0.166807,2,-0.30168,-0.316458,-0.3749,-0.40997,1.170612,-0.719899,0.9897,-0.856782,-1.100387,-0.736152,-1.0928,-0.877115,-3.87168,3.997322,-2.942285,3.01327,-0.008274,0.05558,-0.291385,5.058317,-0.174117,-0.18137,0.436315,1.127398,-0.10924,-1.152056,-6.988031,0.170583
2026-07-26 12:35:50,-0.184523,-0.540828,1.068676,0.114778,2,-0.303409,-0.315866,-0.376921,-0.409559,0.223686,-0.369976,0.612788,-0.468341,0.257459,-0.124389,-0.769643,-0.229911,-3.904217,3.980618,-2.939562,3.013961,0.000631,-0.751454,1.091082,-0.036842,-0.185384,-0.174079,0.505081,0.428854,-0.537959,-0.108149,0.166891,-6.98803
2026-07-26 12:36:00,-0.185028,-0.225595,0.20025,0.061679,2,-0.309487,-0.322104,-0.378636,-0.409241,-0.15287,-0.452478,0.569299,-0.434563,0.447948,-0.1792,-0.26842,-0.309351,0.199849,-0.24786,-2.975936,3.004766,-0.000381,0.230869,-0.589824,-0.037599,-0.184509,-0.185345,-0.547699,0.497564,1.068625,-0.536896,0.114864,0.166724
2026-07-26 12:36:10,-0.17929,0.898665,-0.739646,0.172381,2,-0.30608,-0.319173,-0.377749,-0.409053,0.063096,-0.076951,0.460574,-0.58994,0.324212,0.020595,-0.061776,-0.620102,0.203092,-0.244945,-2.97515,3.004978,0.004198,0.812027,-0.638659,0.078206,-0.185014,-0.18447,-0.231701,-0.554342,0.200537,1.069797,0.061762,0.114697
2026-07-26 12:36:20,-0.171837,-0.24911,-0.007872,0.181725,2,-0.299005,-0.315496,-0.376795,-0.408051,0.229223,-0.253335,0.156145,-0.55954,-0.333546,-0.798035,-0.011214,-0.624775,0.242067,-0.233074,0.320686,-0.337406,0.005455,-0.818511,0.496615,0.006547,-0.179275,-0.184976,0.891483,-0.238606,-0.739447,0.20165,0.172467,0.061597
2026-07-26 12:36:30,-0.178324,0.422215,0.210531,0.204443,2,-0.295266,-0.318237,-0.373853,-0.408524,0.591935,-0.389891,0.11628,-0.593318,-0.327033,-0.789195,0.358108,-0.795338,0.325178,-0.285402,0.337986,-0.329576,-0.004768,0.487331,0.148135,0.016003,-0.171823,-0.179237,-0.256261,0.883644,-0.008052,-0.738399,0.18181,0.172299
2026-07-26 12:36:40,-0.180762,0.029325,-1.285691,0.138998,2,-0.296087,-0.317637,-0.372289,-0.409183,0.101859,-0.805246,0.366346,-0.795983,-0.660796,-0.17036,-0.807015,-0.748609,0.305746,-0.267982,0.349119,-0.332139,-0.001799,-0.277351,-1.016682,-0.046327,-0.17831,-0.171785,0.41503,-0.263145,0.211189,-0.006954,0.204529,0.181643
2026-07-26 12:36:50,-0.172092,0.44086,-0.57666,0.085454,2,-0.296229,-0.317789,-0.366908,-0.409824,0.492258,-0.98732,0.659902,-0.897315,-1.009212,-0.29059,-1.191725,-0.921508,0.249699,-0.240547,0.360047,-0.342186,0.006348,0.300278,0.481542,-0.037914,-0.180748,-0.178272,0.022079,0.407587,-1.285331,0.212302,0.139083,0.204361
2026-07-26 12:37:00,-0.183407,-0.003575,-1.190106,0.161164,2,-0.299064,-0.31624,-0.368621,-0.408739,0.251374,-0.961716,0.261246,-1.187801,-1.865599,-1.015512,-1.415956,-0.718234,0.224503,-0.262056,0.354891,-0.342922,-0.008309,-0.313821,-0.41679,0.053467,-0.172078,-0.18071,0.43304,0.014963,-0.576126,-1.28432,0.085538,0.138916
2026-07-26 12:37:10,-0.180504,-0.550555,0.414704,0.173758,2,-0.29892,-0.316285,-0.372225,-0.409742,-0.075344,-0.529291,0.130776,-0.96487,-0.825236,-0.168592,-1.207114,-0.437857,0.244739,-0.252857,0.35123,-0.344065,0.002119,-0.387936,1.089876,0.008846,-0.183392,-0.17204,-0.010666,0.425582,-1.189468,-0.575067,0.161249,0.085372
2026-07-26 12:37:20,-0.190193,0.522915,1.278157,0.164806,2,-0.309016,-0.317252,-0.377162,-0.407276,-0.028274,-0.461013,0.174266,-0.917582,0.307931,0.713691,-0.677312,0.400938,0.290937,-0.295816,0.333008,-0.353532,-0.007116,0.775558,0.586448,-0.006388,-0.18049,-0.183354,-0.557523,-0.017755,0.41534,-1.188451,0.173844,0.161081
2026-07-26 12:37:30,-0.18931,-0.64821,1.073854,0.175301,2,-0.312308,-0.316841,-0.380717,-0.406326,-0.390986,-0.264715,-0.126538,-0.681139,1.691826,-0.882904,0.492207,0.300469,0.299167,-0.296665,0.349696,-0.351237,0.000637,-0.834981,-0.138849,0.007361,-0.190179,-0.180452,0.514905,-0.564157,1.278103,0.416467,0.164891,0.173676
2026-07-26 12:37:40,-0.179004,-0.710191,0.329441,0.143126,2,-0.311471,-0.315916,-0.383591,-0.408857,-0.482356,-0.185058,-0.633919,-0.711539,1.639727,-0.785659,0.94067,0.057476,0.281333,-0.285486,0.376208,-0.377716,0.007548,-0.039711,-0.50602,-0.022806,-0.189295,-0.19014,-0.654123,0.507379,1.073951,1.279288,0.175387,0.164724
2026-07-26 12:37:50,-0.186128,-0.195062,-0.346785,0.15818,2,-0.309204,-0.316926,-0.384723,-0.408855,-0.886599,-0.901973,-0.720899,-0.748694,0.646578,-0.364851,1.358355,-0.790665,0.277477,-0.285809,0.374836,-0.377491,-0.005235,0.374394,-0.459596,0.010584,-0.178989,-0.189257,-0.71634,-0.660677,0.329242,1.075123,0.14321,0.17522
2026-07-26 12:38:00,-0.187852,-0.371326,-0.357421,0.19166,2,-0.308391,-0.317554,-0.387779,-0.409529,-0.728778,-0.936112,-0.641168,-0.779094,-0.227718,-0.997831,0.975843,-0.470568,0.286999,-0.276708,0.383064,-0.372042,-0.001275,-0.122062,-0.007416,0.023611,-0.186114,-0.178951,-0.20223,-0.722843,-0.346234,0.330363,0.158266,0.143043
2026-07-26 12:38:10,-0.192728,-0.993671,-0.581492,0.183495,2,-0.316045,-0.318911,-0.388833,-0.408839,-0.889368,-0.663001,-1.311635,-1.160779,-0.784533,-1.517652,0.054737,-0.706552,0.310502,-0.284395,0.391656,-0.37055,-0.003586,-0.442052,-0.152113,-0.00583,-0.187837,-0.186075,-0.37742,-0.20916,-0.356885,-0.345158,0.191746,0.158098
2026-07-26 12:38:20,-0.18851,0.704811,0.436475,0.133242,2,-0.317374,-0.319742,-0.388501,-0.408926,-0.382679,0.099433,-0.713651,-0.464963,-0.305868,-0.714935,-0.261825,-1.293008,0.295982,-0.26964,0.372322,-0.364604,0.003083,1.22378,0.691354,-0.035587,-0.192713,-0.187799,-0.999592,-0.384205,-0.581452,-0.355811,0.183582,0.191578
2026-07-26 12:38:30,-0.182574,-0.820073,0.500381,0.142155,2,-0.31443,-0.317115,-0.389985,-0.410378,-0.634639,0.230298,-0.760765,-0.427808,0.218385,-0.571718,-0.17609,-1.176184,0.267163,-0.274658,0.371877,-0.364408,0.004343,-1.089091,0.043229,0.006242,-0.188495,-0.192675,0.696645,-1.005859,0.436643,-0.580393,0.133327,0.183414
2026-07-26 12:38:40,5.44068,1.672674,-0.072439,0.136243,2,2.827607,3.15377,1.950296,2.365808,0.866045,0.790744,0.065542,0.524717,0.529354,-1.155192,-0.039792,-1.236932,0.239653,-0.297842,0.361794,-0.361698,4.124171,1.794351,-0.389056,-0.004237,-0.182559,-0.188457,-0.826039,0.688968,0.500552,0.437772,0.142239,0.13316
2026-07-26 12:38:50,-0.176174,0.215436,-1.328331,0.135076,2,2.834487,3.14996,1.955153,2.364371,0.589166,0.782209,0.322856,0.477429,-0.550085,0.082479,-0.52123,-0.484587,0.240722,-0.298612,0.335782,-0.368868,-4.119498,-1.040857,-0.853294,-0.000883,5.440681,-0.182521,1.664286,-0.83245,-0.07196,0.501684,0.136329,0.142072
2026-07-26 12:39:00,-0.192724,1.057643,1.033951,0.149974,2,2.828826,3.153105,1.955154,2.364371,1.646844,-0.12247,1.232518,0.136276,-0.222834,0.574011,0.278968,-0.134115,0.245275,-0.29394,0.320372,-0.384215,-0.012149,0.609681,1.604156,0.010474,-0.17616,5.440682,0.208731,1.655804,-1.327936,-0.070867,0.135161,0.136162
2026-07-26 12:39:10,-0.186856,-0.844184,0.542045,0.211157,2,-0.309936,-0.313594,1.955842,2.364166,0.231992,0.261592,0.547554,0.507829,0.151632,0.701314,0.331728,-0.106078,0.288885,-0.260604,0.356188,-0.357361,0.004294,-1.359671,-0.334191,0.043197,-0.19271,-0.176121,1.0503,0.20146,1.034008,-1.326928,0.150059,0.134994
2026-07-26 12:39:20,-0.182255,0.980583,0.822919,-6.988008,2,-0.313328,-0.316958,1.955975,2.364127,0.661154,0.477805,1.341242,0.193698,1.467147,-1.289567,0.490009,0.006073,-3.857908,4.004548,-2.921453,3.018737,0.003365,1.314365,0.190338,-5.089791,-0.186842,-0.192672,-0.850598,1.042329,0.542269,1.035178,0.211244,0.149892
2026-07-26 12:39:30,-0.191073,1.166615,0.117902,0.146711,2,-0.312407,-0.317853,-0.386363,-0.407007,0.722068,0.537548,1.120169,-0.052878,0.907076,-1.073859,0.584538,-0.019628,-3.859806,4.00358,-2.916642,3.019971,-0.006478,0.13793,-0.478889,5.044111,-0.18224,-0.186803,0.973347,-0.856989,0.822756,0.543405,-6.988031,0.211076
2026-07-26 12:39:40,-0.186393,0.745298,0.357983,0.194045,2,-0.312148,-0.317852,-0.390613,-0.409886,1.619156,-1.024304,1.352115,-0.0799,0.794736,-1.066787,1.419909,-1.536001,-3.86977,3.99838,-2.889533,3.026988,0.003422,-0.297351,0.162604,0.033405,-0.191059,-0.182202,1.158362,0.965441,0.117989,0.823911,0.146797,-6.98803
2026-07-26 12:39:50,-0.184149,1.516379,-1.88243,0.118808,2,-0.313205,-0.318793,-0.387047,-0.410797,1.918185,-0.719899,1.555067,0.08561,-0.859426,0.669488,-0.024404,0.347199,0.267554,-0.262982,-2.903862,3.023366,0.001635,0.557918,-1.521919,-0.05325,-0.186378,-0.19102,0.737577,1.150301,0.358533,0.119096,0.194131,0.14663
2026-07-26 12:40:00,-0.178248,-0.421795,-0.492396,0.122465,2,-0.306052,-0.318071,-0.383466,-0.40919,1.023866,0.301421,1.743523,-0.279187,-1.232264,0.471461,-0.536618,0.258413,0.253437,-0.258415,-2.944633,3.012711,0.004318,-1.385553,0.943972,0.002527,-0.184134,-0.18634,1.507105,0.729866,-1.881808,0.359656,0.118893,0.193963
2026-07-26 12:40:10,-0.184279,0.831316,0.180319,0.097958,2,-0.304873,-0.318887,-0.384308,-0.409352,1.073704,0.315645,1.678288,-0.292698,-1.341347,0.3141,-0.855378,-0.07804,0.1975,-0.288804,0.312695,-0.35225,-0.004434,0.904966,0.456823,-0.017385,-0.178233,-0.184096,-0.428176,1.498755,-0.491803,-1.880838,0.122549,0.118727
2026-07-26 12:40:20,-0.186008,-0.368411,0.715403,0.15486,2,-0.305909,-0.318214,-0.382202,-0.410847,0.013258,-0.162298,0.996948,-0.076522,0.247691,-0.575255,-0.558602,0.204674,0.21849,-0.27286,0.31644,-0.351433,-0.001278,-0.856157,0.363372,0.040171,-0.184265,-0.178195,0.822716,-0.434919,0.180122,-0.490737,0.098042,0.122383
2026-07-26 12:40:30,-0.185403,-0.756234,0.732253,0.14192,2,-0.3099,-0.321635,-0.38179,-0.411034,-0.17502,0.045379,0.333729,0.197076,0.996622,-1.155192,-0.373941,0.375237,0.229813,-0.271522,0.292478,-0.368055,0.000433,-0.273822,0.011275,-0.009207,-0.185994,-0.184227,-0.374146,0.814935,0.715354,0.181233,0.154945,0.097876
2026-07-26 12:40:40,-0.189663,0.586106,0.622115,0.185747,2,-0.312903,-0.320107,-0.384084,-0.409884,-0.313459,-0.193592,-0.0758,-0.373764,1.266889,-1.662636,0.865926,-1.117772,0.280923,-0.279128,0.32325,-0.356139,-0.003135,0.968493,-0.074941,0.030927,-0.185389,-0.185955,-0.762184,-0.380933,0.732219,0.716502,0.142005,0.154778
2026-07-26 12:40:50,-0.178216,-0.801409,0.466918,0.14599,2,-0.308557,-0.316382,-0.38407,-0.40987,-0.557113,-0.022898,-0.246135,-0.225143,1.113846,-1.515884,1.342967,-1.891146,0.275758,-0.277362,0.334066,-0.35783,0.008385,-0.991447,-0.105689,-0.028167,-0.189649,-0.18535,0.57876,-0.768649,0.622155,0.733368,0.185833,0.141838
2026-07-26 12:41:00,-0.181605,0.778739,1.227294,0.167362,2,-0.306439,-0.316281,-0.382958,-0.40961,0.306749,0.105122,-0.26788,-0.25892,1.416675,-0.98015,1.859578,-1.741611,0.290569,-0.281855,0.36597,-0.372528,-0.002496,1.139076,0.516511,0.015051,-0.178201,-0.189611,-0.808029,0.571181,0.466822,0.623296,0.146075,0.185666
2026-07-26 12:41:10,-0.181687,-0.292432,-0.279161,0.138239,2,-0.30199,-0.320454,-0.381161,-0.409637,-0.188864,0.008396,-0.235263,-0.269054,0.866373,-0.279982,1.367149,-1.057023,0.262912,-0.286866,0.358327,-0.369965,-7.1e-05,-0.764395,-1.023314,-0.020648,-0.181591,-0.178163,0.770323,-0.814455,1.227509,0.467953,0.167448,0.145908
2026-07-26 12:41:20,-0.179038,-0.033301,0.336603,0.176344,2,-0.302449,-0.320962,-0.378514,-0.409456,0.243067,-0.421185,0.083662,-0.468341,0.786596,-0.272909,1.171496,-1.066369,0.280582,-0.281833,0.374151,-0.370041,0.001933,0.19087,0.418237,0.026881,-0.181673,-0.181552,-0.29883,0.762585,-0.278775,1.228691,0.138324,0.16728
2026-07-26 12:41:30,-0.182027,0.07165,0.673907,0.156521,2,-0.302684,-0.320823,-0.375338,-0.412521,-0.15287,-1.066977,-0.141035,-0.613584,0.447948,-0.819253,1.197876,-1.057023,0.274271,-0.282729,0.360717,-0.375004,-0.002202,0.080285,0.228924,-0.014074,-0.179024,-0.181634,-0.040138,-0.30568,0.33723,-0.277695,0.176429,0.138157
2026-07-26 12:41:40,5.44068,-0.273745,1.139533,0.161163,2,2.833195,3.150674,1.961653,2.362433,-0.144563,-1.084047,0.090911,-0.900693,1.315732,-0.978382,1.529826,-0.865432,0.287617,-0.291772,0.367693,-0.376322,4.12377,-0.243235,0.316346,0.003223,-0.182012,-0.178985,0.064649,-0.047202,0.674524,0.338352,0.156605,0.176261
2026-07-26 12:41:50,-0.184226,0.674953,-0.588852,0.163005,2,2.830302,3.152277,1.960563,2.362757,0.254142,-0.55774,0.043797,-0.988514,0.749149,0.001146,0.630703,-0.650477,0.279852,-0.299084,0.365691,-0.376795,-4.125403,0.686149,-1.174041,0.001244,5.440681,-0.181974,-0.28082,0.057497,1.139635,0.675669,0.161249,0.156438
2026-07-26 12:42:00,-0.189314,0.699668,0.989414,0.208341,2,2.826237,3.154529,1.957391,2.363702,0.608547,-0.426874,0.482319,-0.897315,0.942895,0.126681,1.25943,-0.683187,0.31002,-0.274752,0.397916,-0.369035,-0.003742,0.02264,1.071788,0.031994,-0.184211,5.440682,0.667173,-0.287684,-0.588553,1.140811,0.163091,0.161081
2026-07-26 12:42:10,-0.184481,-0.892034,1.654501,0.146621,2,-0.311201,-0.319506,1.955127,2.364372,0.25968,0.190469,0.105407,-0.414297,1.25712,0.513895,1.912338,-0.28365,0.301554,-0.269291,0.384249,-0.365993,0.003534,-1.137325,0.451397,-0.043694,-0.1893,-0.184173,0.691733,0.659521,0.989628,-0.587494,0.208428,0.162924
2026-07-26 12:42:20,-0.184481,0.264494,0.69751,0.194304,2,-0.311343,-0.319588,1.954106,2.364675,0.02987,0.036845,0.188763,-0.400786,2.043499,-0.80334,1.92333,-0.28365,0.319774,-0.268894,0.401619,-0.364158,-1e-05,0.835556,-0.650115,0.033653,-0.184467,-0.189261,-0.89808,0.68406,1.654452,0.990794,0.146706,0.208259
2026-07-26 12:42:30,-0.179658,1.19933,0.134292,0.206149,2,-0.305957,-0.319593,-0.383484,-0.410686,0.312287,0.426596,0.84111,-0.174477,1.520875,-0.249924,1.426504,-0.253276,0.3185,-0.26977,0.422301,-0.362139,0.003527,0.675561,-0.383027,0.008315,-0.184467,-0.184429,0.25785,-0.904431,0.697602,1.655663,0.19439,0.146539
2026-07-26 12:42:40,-0.17788,1.041573,0.281213,0.127737,2,-0.302276,-0.318918,-0.380845,-0.409473,1.400421,-0.523601,1.004197,-0.073144,0.680768,-1.199394,1.85738,-0.89347,0.307506,-0.258575,0.406085,-0.351994,0.001293,-0.107945,0.099902,-0.055495,-0.179643,-0.184429,1.191108,0.250538,0.134854,0.698748,0.206235,0.194222
2026-07-26 12:42:50,-0.17788,0.426792,-0.322208,0.163893,2,-0.298594,-0.321476,-0.37609,-0.410737,1.491791,-0.682916,0.880975,-0.093411,0.057201,-1.153424,1.20667,-0.52898,0.289801,-0.261721,0.385656,-0.356744,-1e-05,-0.43617,-0.410158,0.025503,-0.177866,-0.179605,1.033927,1.18302,0.281311,0.135962,0.127822,0.206067
2026-07-26 12:43:00,-0.172718,0.481605,0.466305,0.141161,2,-0.294723,-0.319384,-0.371197,-0.409796,1.087548,-0.799557,1.489833,-0.951359,0.260715,-0.958932,0.619711,-1.484599,0.251969,-0.283543,0.383145,-0.355717,0.003776,0.043815,0.535201,-0.01613,-0.177866,-0.177828,0.419942,1.02597,-0.322268,0.282428,0.163979,0.127656
2026-07-26 12:43:10,-0.185117,0.537583,0.146564,0.12818,2,-0.298759,-0.315909,-0.371461,-0.409544,0.802363,-1.29457,1.60943,-1.066202,0.177682,-0.990758,0.344918,-1.725256,0.252225,-0.28375,0.352749,-0.356357,-0.009103,0.044992,-0.217227,-0.009236,-0.172704,-0.177828,0.473973,0.412495,0.466822,-0.321191,0.141247,0.163812
2026-07-26 12:43:20,-0.181648,-0.713481,-0.64257,0.153667,2,-0.300861,-0.315728,-0.372289,-0.409326,0.160004,-0.165143,0.765003,-0.468341,-0.017692,-0.644211,-0.039792,-1.293008,0.246273,-0.289299,0.328623,-0.374567,0.002534,-0.892627,-0.536165,0.01796,-0.185102,-0.172666,0.529641,0.466481,0.146393,0.467953,0.128266,0.14108
2026-07-26 12:43:30,-0.172908,-0.713481,1.438551,0.161465,2,-0.300967,-0.315841,-0.370221,-0.408466,-0.512812,-0.136694,-0.010566,-0.448074,0.576569,0.312332,0.533976,-0.377109,0.258094,-0.284446,0.344126,-0.375561,0.0064,0.004993,1.413637,0.005455,-0.181634,-0.185064,-0.719615,0.522103,-0.642697,0.147502,0.153752,0.128099
2026-07-26 12:43:40,-0.186195,0.09322,0.974703,0.186458,2,-0.301568,-0.315347,-0.373679,-0.407255,-0.762003,-0.583344,-0.159156,-0.525763,1.082912,0.395433,1.175893,-0.398137,0.29202,-0.284735,0.354499,-0.367989,-0.009755,0.583799,-0.315501,0.017612,-0.172894,-0.181595,-0.719615,-0.726115,1.438761,-0.641642,0.16155,0.153585
2026-07-26 12:43:50,-0.183549,0.573725,-0.030034,0.124922,2,-0.302629,-0.315047,-0.378184,-0.408603,-0.03658,-0.26187,-0.11929,-0.481852,1.457378,-0.285286,0.931876,-0.314024,0.275287,-0.270355,0.347035,-0.364419,0.00193,0.349689,-0.682672,-0.043564,-0.18618,-0.172855,0.085934,-0.726115,0.974538,1.439958,0.186545,0.161383
2026-07-26 12:44:00,-0.175975,-0.190872,-0.24555,0.142775,2,-0.304339,-0.316897,-0.374382,-0.408405,0.256911,-0.719899,-0.441839,-0.66425,0.428411,-0.483313,0.736224,-0.1972,0.264405,-0.269615,0.353744,-0.367154,0.005545,-0.543226,-0.146687,0.012563,-0.183535,-0.186142,0.565661,0.078765,-0.029355,0.975703,0.125006,0.186377
2026-07-26 12:44:10,-0.175712,0.955347,-0.416298,0.165113,2,-0.298492,-0.31781,-0.371913,-0.408176,0.741449,-0.378511,0.297487,-0.458208,-0.421464,-1.395653,0.848339,-0.346735,0.251977,-0.281606,0.359005,-0.366573,0.000182,0.827321,-0.115939,0.015734,-0.17596,-0.183497,-0.197318,0.558093,-0.245045,-0.028258,0.142859,0.12484
2026-07-26 12:44:20,-0.180627,0.443338,0.53561,0.145826,2,-0.296862,-0.319615,-0.375123,-0.409364,0.669461,-0.39558,0.808492,-0.887182,-0.076304,-0.769746,0.402075,-0.97291,0.264149,-0.289957,0.351819,-0.366406,-0.003615,-0.362055,0.646136,-0.013695,-0.175697,-0.175922,0.947151,-0.204252,-0.416355,-0.243963,0.165199,0.142693
2026-07-26 12:44:30,-0.188134,1.031625,0.632431,0.15388,2,-0.303644,-0.315878,-0.37593,-0.408652,1.358889,-0.83654,1.22527,-0.792605,0.460973,-0.62653,0.232803,-1.262633,0.270612,-0.29248,0.336843,-0.375657,-0.005517,0.427333,0.065536,0.005636,-0.180612,-0.175659,0.436315,0.939266,0.536056,-0.415285,0.145912,0.165032
2026-07-26 12:44:40,-0.188196,0.541274,-1.336419,0.196524,2,-0.310607,-0.317916,-0.377863,-0.407619,1.123542,-0.845075,1.210773,-0.792605,-0.102354,0.429026,-0.415709,-0.384118,0.2889,-0.27421,0.369758,-0.368285,-5.6e-05,-0.346761,-1.337429,0.030089,-0.18812,-0.180574,1.024104,0.428854,0.632806,0.537191,0.153966,0.145745
2026-07-26 12:44:50,-0.17604,1.118281,-0.027515,0.172015,2,-0.308049,-0.315081,-0.37789,-0.407636,1.505635,-0.850765,1.787013,-1.170913,-0.445885,0.215086,-0.30799,-0.384118,0.304147,-0.280291,0.3832,-0.370688,0.008906,0.419098,0.889108,-0.017386,-0.188182,-0.188082,0.534553,1.016154,-1.335925,0.633948,0.19661,0.153799
2026-07-26 12:45:00,-0.180132,0.180329,-0.767561,0.174202,2,-0.303586,-0.315954,-0.379728,-0.408538,1.023866,-0.569119,1.446343,-0.975003,-1.302273,-0.474473,-0.48166,-0.262621,0.315977,-0.288446,0.387376,-0.370433,-0.003012,-0.667928,-0.503005,0.001488,-0.176025,-0.188143,1.11088,0.52701,-0.02758,-1.334917,0.172101,0.196442
2026-07-26 12:45:10,-0.190309,0.609914,0.325862,0.186677,2,-0.304764,-0.31471,-0.383755,-0.407667,1.062629,-0.577654,1.518826,-1.008781,-0.28633,-0.668964,-0.584982,-0.367763,0.310243,-0.294331,0.406155,-0.374274,-0.007474,0.313219,0.742601,0.008761,-0.180118,-0.175987,0.172711,1.102859,-0.766963,-0.026483,0.174289,0.171933
2026-07-26 12:45:20,-0.181451,-0.402378,-1.240919,0.185754,2,-0.307782,-0.316651,-0.380976,-0.407943,0.207073,-0.509377,0.8846,-0.637228,-1.02875,-0.180968,-1.512684,-0.557018,0.318244,-0.295329,0.420806,-0.380793,0.006486,-0.722044,-1.064312,-0.000712,-0.190295,-0.18008,0.601682,0.165469,0.325691,-0.765917,0.186764,0.174121
2026-07-26 12:45:30,-0.170686,0.482408,-0.610904,0.179653,2,-0.302514,-0.312057,-0.373693,-0.406447,0.378738,-0.435409,0.859231,-0.643984,-0.932691,-0.211026,-1.154353,-0.865432,0.321417,-0.298589,0.41305,-0.384442,0.007885,0.640268,0.427883,-0.004372,-0.181437,-0.190256,-0.408529,0.594084,-1.24095,0.326812,0.18584,0.186596
2026-07-26 12:45:40,-0.183869,-0.625726,1.34086,0.125703,2,-0.298922,-0.315063,-0.376949,-0.406614,-0.318997,-0.372821,0.087287,-0.681139,-0.31238,0.901109,-0.475065,0.211683,0.285918,-0.268168,0.391761,-0.364295,-0.009679,-0.790277,1.325612,-0.038201,-0.170672,-0.181398,0.47561,-0.415287,-0.610743,-1.239936,0.179739,0.185672
2026-07-26 12:45:50,-0.179359,-0.554221,0.289469,0.141077,2,-0.297755,-0.315403,-0.376628,-0.40657,-0.404829,-0.315923,-0.235263,-0.573051,0.623785,0.165579,0.048142,0.104205,0.25991,-0.273637,0.376533,-0.361196,0.003297,0.056756,-0.714626,0.01081,-0.183854,-0.170633,-0.631201,0.468117,1.341123,-0.609686,0.125788,0.179571
2026-07-26 12:46:00,-0.185721,1.30018,-0.000839,0.184623,2,-0.30614,-0.319072,-0.374719,-0.408002,0.057558,0.503409,0.069166,-0.083277,0.996622,-0.375459,-0.114536,0.066822,0.262803,-0.270757,0.375592,-0.361626,-0.004676,1.335541,-0.197331,0.030728,-0.179345,-0.183816,-0.560797,-0.637774,0.289299,1.342313,0.141162,0.125622
2026-07-26 12:46:10,-0.185137,-1.389916,-1.077664,0.1317,2,-0.306848,-0.318811,-0.376252,-0.407546,-0.374373,0.998422,-0.369356,0.369341,-0.481704,-0.34717,-0.033197,-0.061685,0.266294,-0.273174,0.350742,-0.362025,0.000418,-1.925536,-0.731507,-0.037474,-0.185706,-0.179307,1.29262,-0.567429,-0.000951,0.290417,0.184709,0.140996
2026-07-26 12:46:20,-0.183816,0.224522,0.19433,0.135328,2,-0.309333,-0.321529,-0.381713,-0.4117,0.065865,0.958593,-0.481705,0.301786,-0.540316,-0.416126,0.364703,-0.225238,0.262948,-0.271797,0.330366,-0.366356,0.000959,1.163782,0.863785,0.002505,-0.185122,-0.185668,-1.395817,1.284448,-1.077629,0.000147,0.131785,0.184542
2026-07-26 12:46:30,-0.182158,-0.429475,0.444306,0.176143,2,-0.307346,-0.320976,-0.381001,-0.411626,-0.908749,0.01693,-0.394725,0.268008,-0.268421,-0.154447,-0.079362,-0.895807,0.258011,-0.27688,0.353554,-0.365133,0.001206,-0.464404,0.169839,0.028798,-0.183801,-0.185084,0.216917,-1.401755,0.194324,-1.076603,0.135413,0.131618
2026-07-26 12:46:40,-0.192046,0.424092,0.270964,0.213864,2,-0.3112,-0.316906,-0.386278,-0.410302,0.112934,-0.617483,0.036548,0.271386,0.557032,-1.526493,-0.088156,-0.90048,0.305843,-0.261686,0.387011,-0.354409,-0.007262,0.617916,-0.117748,0.026609,-0.182144,-0.183763,-0.436363,0.209639,0.444632,0.195436,0.176228,0.135247
2026-07-26 12:46:50,-0.173875,0.83418,-1.388674,0.196982,2,-0.305655,-0.312838,-0.381351,-0.407254,0.456264,-0.27325,-0.170028,-0.008967,-0.411695,0.234535,-0.77404,-0.246266,0.341735,-0.282899,0.392694,-0.352448,0.013317,0.299102,-1.127617,-0.011994,-0.192032,-0.182105,0.416667,-0.443098,0.271547,0.445761,0.213951,0.176061
2026-07-26 12:47:00,-0.173875,-1.005281,-0.162437,0.152156,2,-0.301035,-0.311346,-0.376667,-0.406035,0.132316,0.284351,0.000307,-0.299453,-0.781277,-0.066042,-0.32118,-0.550008,0.327772,-0.269373,0.402096,-0.357368,-1e-05,-1.314967,0.833037,-0.031751,-0.17386,-0.191993,0.825991,0.409223,-1.388294,0.272664,0.197068,0.213782
2026-07-26 12:47:10,-0.186142,0.762597,1.189816,0.199229,2,-0.297742,-0.314994,-0.377635,-0.405737,0.323362,0.418062,0.239501,-0.144077,-0.219578,0.787951,0.171249,0.00841,0.31925,-0.274929,0.431474,-0.365901,-0.009008,1.274366,0.918047,0.033222,-0.17386,-0.173822,-1.011053,0.818207,-0.162497,-1.38729,0.15224,0.1969
2026-07-26 12:47:20,-0.186142,-1.839481,-0.793098,0.139816,2,-0.304585,-0.314994,-0.379292,-0.405445,-1.182859,0.91592,-0.383853,0.663205,0.143491,0.236303,-0.442089,0.111215,0.285971,-0.269934,0.414774,-0.35694,-1e-05,-1.862009,-1.347076,-0.042064,-0.186128,-0.173822,0.755587,-1.017311,1.190229,-0.16141,0.199315,0.152073
2026-07-26 12:47:30,-0.184289,-0.35797,-0.172935,0.106822,2,-0.310393,-0.321429,-0.376066,-0.407362,-0.817379,0.873246,-0.731771,0.568628,0.136979,0.23984,-0.661924,0.029438,0.25958,-0.253829,0.365567,-0.349487,0.001349,1.06849,0.421252,-0.023384,-0.186128,-0.18609,-1.844436,0.747861,-0.792704,1.191409,0.1399,0.199147
2026-07-26 12:47:40,-0.181384,-0.35797,-1.084331,0.185462,2,-0.307739,-0.320007,-0.379189,-0.408792,-1.448663,0.093743,-1.257273,0.173431,-1.253429,-0.854615,-0.510238,-0.187854,0.251565,-0.261467,0.360271,-0.35218,0.002121,0.004993,-0.619366,0.055539,-0.184275,-0.18609,-0.364322,-1.850001,-0.172261,-0.791659,0.106907,0.139733
2026-07-26 12:47:50,-0.188551,-0.278116,0.065576,0.115218,2,-0.309083,-0.318716,-0.385293,-0.411519,-0.570957,-1.311639,-0.934724,0.112632,-0.727549,-0.571718,-0.398122,-0.166826,0.237245,-0.257622,0.343293,-0.347313,-0.005267,0.062638,0.781187,-0.049721,-0.181369,-0.184237,-0.364322,-0.371117,-1.083842,-0.171174,0.185549,0.106741
2026-07-26 12:48:00,-0.186148,0.344561,-1.04208,0.116739,2,-0.310119,-0.31867,-0.385295,-0.411518,-0.17502,-0.722744,-1.119555,-0.137321,-1.259942,-0.481545,-1.50389,-1.117772,0.243017,-0.260807,0.305373,-0.357477,0.001752,0.452038,-0.752609,0.001016,-0.188536,-0.181331,-0.284095,-0.371117,0.06562,-1.082817,0.115303,0.185381
2026-07-26 12:48:10,-0.176081,0.643952,-0.870521,0.154316,2,-0.307162,-0.315494,-0.381111,-0.409149,0.389813,-0.574809,-0.021438,-0.839893,-1.128065,-0.592936,-1.541262,-1.096744,0.224886,-0.279514,0.312036,-0.355958,0.007373,0.220281,0.11618,0.026509,-0.186133,-0.188498,0.338077,-0.290956,-1.042124,0.066723,0.116824,0.115137
2026-07-26 12:48:20,-0.176533,1.082778,-0.709548,0.161639,2,-0.300459,-0.316489,-0.377885,-0.408283,1.156768,-0.745503,0.612788,-0.535896,-1.601845,-1.450464,-1.807262,-1.262633,0.251913,-0.277494,0.337234,-0.359159,-0.000342,0.320278,0.108946,0.005119,-0.176067,-0.186095,0.636065,0.330698,-0.869927,-1.041096,0.154401,0.116657
2026-07-26 12:48:30,-0.183309,-0.676122,0.854259,0.173764,2,-0.298875,-0.318241,-0.378685,-0.408244,0.58086,0.199004,0.475071,-0.346742,-0.442629,0.116073,-0.846585,-0.412156,0.285109,-0.29234,0.331858,-0.362887,-0.00498,-1.257321,1.062142,0.008513,-0.176519,-0.176029,1.07486,0.628438,-0.709268,-0.868887,0.161724,0.154234
2026-07-26 12:48:40,-0.177325,0.149711,1.914261,0.178411,2,-0.299569,-0.318609,-0.374016,-0.409422,0.301212,0.136416,0.663526,-0.451452,1.260377,0.848066,0.067927,0.921972,0.299138,-0.29355,0.360907,-0.365413,0.004379,0.597916,0.719691,0.003226,-0.183294,-0.176481,-0.681957,1.066868,0.85471,-0.708218,0.17385,0.161557
2026-07-26 12:48:50,-0.190909,-0.843001,-0.432994,0.126571,2,-0.307587,-0.315287,-0.375997,-0.407451,-0.781385,-0.469548,0.138025,-0.090033,1.428072,0.559866,0.371298,0.655614,0.278722,-0.272713,0.365427,-0.369654,-0.009974,-0.707926,-1.594268,-0.036709,-0.17731,-0.183256,0.143239,-0.688488,1.914523,0.855867,0.178497,0.173683
2026-07-26 12:49:00,-0.190909,-0.098485,-0.001519,0.142741,2,-0.311826,-0.31418,-0.382164,-0.406726,-0.457436,-0.495152,-0.191773,-0.221765,0.905448,0.708386,0.799976,0.316825,0.260661,-0.274959,0.360105,-0.3683,-1e-05,0.539095,0.292832,0.011374,-0.190895,-0.177272,-0.848961,0.136022,-0.432332,1.915752,0.126656,0.178329
2026-07-26 12:49:10,-0.18958,-0.098485,0.093979,0.136491,2,-0.318662,-0.321752,-0.38759,-0.407862,-0.595876,-0.645932,-0.713651,-0.924337,-0.208181,-1.222379,1.197876,-0.064021,0.236256,-0.294076,0.348546,-0.366791,0.000965,0.004993,0.064933,-0.004478,-0.190895,-0.190857,-0.105629,-0.855353,-0.000951,-0.431263,0.142826,0.12649
2026-07-26 12:49:20,-0.184892,-0.354267,-1.276771,0.208006,2,-0.315306,-0.319191,-0.388249,-0.408045,-0.321766,-1.135255,-0.572309,-1.022292,-0.722665,-0.256997,0.14267,0.585519,0.283664,-0.261344,0.364284,-0.355309,0.003428,-0.178531,-0.93107,0.050502,-0.189566,-0.190857,-0.105629,-0.11264,0.094024,0.000147,0.136576,0.142659
2026-07-26 12:49:30,-0.180911,-0.205583,-0.652004,0.158698,2,-0.309729,-0.31793,-0.389741,-0.409589,-0.382679,-1.169394,-0.728147,-1.157402,-1.121552,-0.414358,-1.127973,-1.038332,0.292953,-0.264471,0.355224,-0.357233,0.002909,0.112049,0.424266,-0.034919,-0.184878,-0.189527,-0.361047,-0.11264,-1.276455,0.095129,0.208092,0.13641
2026-07-26 12:49:40,-0.170839,-0.963753,0.229164,0.11909,2,-0.299276,-0.314822,-0.381393,-0.405541,-0.869986,-0.694295,-0.78251,-1.052691,-1.038518,-0.274678,-0.80042,-0.828049,0.282825,-0.256205,0.351784,-0.355363,0.007377,-0.539696,0.598506,-0.028061,-0.180897,-0.18484,-0.212054,-0.367845,-0.651573,-1.275443,0.158783,0.207924
2026-07-26 12:49:50,-0.177895,-0.904038,-0.032254,0.194755,2,-0.295374,-0.317041,-0.37598,-0.40662,-1.177322,-0.660156,-1.137676,-0.971626,-0.27819,-0.879368,-0.815808,-0.839731,0.27511,-0.263177,0.375696,-0.351273,-0.005185,0.047345,-0.178038,0.053436,-0.170824,-0.180859,-0.970121,-0.218975,0.229829,-0.650519,0.119175,0.158616
